6553424,app+banking+chart+charts+clean+colors+craftwork+finance+financing+illustration+ios+minimal+product+ui+uidesign+ux+wallet,https://cdn.dribbble.com/users/2469603/screenshots/6553424/16.png
6569168,app+banking+chart+charts+clean+colors+craftwork+finance+financing+illustration+ios+minimal+product+ui+uidesign+ux+wallet,https://cdn.dribbble.com/users/2469603/screenshots/6569168/18.png
6037420,analitycs+app+chart+coral+dashbord+expense manager+finance+finance app+fin tech+flow+flow chart+graph+ios 12+mobile+money+react native+report+ui+ux+wizard,https://cdn.dribbble.com/users/2141764/screenshots/6037420/money_tracker_app.png
6754295,app+banking+blue+budget+chart+clean+finance+graphic+interface+ios+mobile+mobile app+mobile design+money+product+product design+responsive+ui+ux+white,https://cdn.dribbble.com/users/1579320/screenshots/6754295/ugem_-_dribble_-_budget_saver_-_responsive.png
6917658,bitcoin+blockchain+chart+contract trading+crypto+cryptocurrency+currency+ethereum+finance+fintech+investment+ios+mobile+product page+trading+ui+ux+web+web design,https://cdn.dribbble.com/users/875611/screenshots/6917658/snapex_final2.jpg
5639810,app+application+bank+chart+cryptocurrency+dashboard+design+dribbble+dribbble popular shot+finance+financial+gauge+graph map+ios+iphone+mobile+music dashboard+statistics+ui+ux,https://cdn.dribbble.com/users/1920857/screenshots/5639810/music_dribbbble.jpg
6550632,app+application+chart+clean+finance+interface+ios+iphone x+layout+minimal+mobile+product+prototype+simple+tab bar+transactions+typography+ui+ux+wireframe,https://cdn.dribbble.com/users/600368/screenshots/6550632/irene_ux2.png
5551945,application+bank+calendar screen design+chart+cryptocurrency+dashboard+design+dribbble+dribbble popular shot+finance+financial+gauge+graph map+ios+iphone+mobile+statistics+stats charts+ui+ux,https://cdn.dribbble.com/users/1920857/screenshots/5551945/dribbble_calendar.jpg
5511184,app+application+bank+chart+cryptocurrency+dashboard+design+dribbble+dribbble popular shot+finance+financial+gauge+graph map+ios+iphone+mobile+product+statistics+ui+ux,https://cdn.dribbble.com/users/1920857/screenshots/5511184/product_screen_dribbble_shot.jpg
6124942,android app design+app+banking+budget+calculator+chart+dashboard+finance+fintech+investing+ios app design+loan+mobile app design+mortgage+payment+real estate+real estate app+saas+startup+statistics,https://cdn.dribbble.com/users/1043230/screenshots/6124942/dribbble_2x.png
6337626,android+chart+clean+dashboard+finance+icon+illustration+ios+management+minimal+mobile app+onboarding+platform+project+real estate+splash screen+task+team+tool+ui design,https://cdn.dribbble.com/users/937198/screenshots/6337626/artboard.png
5087320,chart+clean+dashboard+finance+finance app+finance business+finance financial+finances+graph+interaction+ios+johnyvino+mobile+money+report design+reporter+reporting+reports+ui+ux,https://cdn.dribbble.com/users/997070/screenshots/5087320/reports.png
5616067,app+application+bank+chart+cryptocurrency+dashboard+design+dribbble+dribbble popular shot+finance+financial+gauge+graph map+ios+iphone+mobile+statistics+stats charts+ui+ux,https://cdn.dribbble.com/users/1920857/screenshots/5616067/majed.jpg
5805480,application+bank+chart+cryptocurrency+dashboard+design+dribbble+dribbble popular shot+finance+financial+gauge+graph map+ios+iphone+mobile+music dashboard+statistics+stats charts+ui+ux,https://cdn.dribbble.com/users/1920857/screenshots/5805480/presentaton.jpg
5569346,app+application+bank+chart+cryptocurrency+dashboard+design+dribbble+dribbble popular shot+finance+financial+gauge+graph map+ios+iphone+mobile+statistics+stats charts+ui+ux,https://cdn.dribbble.com/users/1920857/screenshots/5569346/top_customers_dribbble_presentation.jpg
5471322,app+application+bank+chart+cryptocurrency+dashboard+design+dribbble+dribbble popular shot+finance+financial+gauge+graph map+ios+iphone+mobile+statistics+stats charts+ui+ux,https://cdn.dribbble.com/users/1920857/screenshots/5471322/ui8.jpg
6757211,accounting+analytic+analytics+analytics chart+app+business+clean+design+finance+ios+product+research+startup+ui+ux,https://cdn.dribbble.com/users/1558435/screenshots/6757211/shot.png
4031263,app+application+chart+finance+financial+graph+interface+ios+iphone x+mobile+ui+ux,https://cdn.dribbble.com/users/600368/screenshots/4031263/shot.png
6854058,android+animation+app+bank+chart+dashboard+design+finance+ios+mobile+money+ui+ux+web,https://cdn.dribbble.com/users/83361/screenshots/6854058/moneytransfer.png
6803518,analytics dashboard+banking app+chart insights+credit card+currency exchange+finance application+fintech startup+ios 12 app+mobile+money transfer+payments transactions+portfolio management+product design+transaction list+wallet balance,https://cdn.dribbble.com/users/256460/screenshots/6803518/banking-app-shot.png
6544752,account+app design+app ui+card+chart+credit card+finance+grid+ios app+ios app design+list+pay+payment+transaction,https://cdn.dribbble.com/users/156577/screenshots/6544752/account_manager_ios_app_concept.png
6668580,activity+budget+chart+clean+dashboard+design+finance+graph+ios+management+minimal+project+schedule+task+team+ui+web,https://cdn.dribbble.com/users/937198/screenshots/6668580/post.png
6912448,app+bank+banking+black+chart+clean+credit card+dark+expenses+finance+fintech+ios+iphone+menu+modern+navigation+transactions+ui+wallet+wallet app,https://cdn.dribbble.com/users/279051/screenshots/6912448/wallet-app.jpg
6573655,app design+application design+app ui+chart+finance app+graph+ios app+ios app design+mobile app+mobile app design+payment+waller app+wallet,https://cdn.dribbble.com/users/2125046/screenshots/6573655/wallet_2x.png
4059540,app+chart+credit+credit card+finance+income+interface+ios+transaction+wallet,https://cdn.dribbble.com/users/1150809/screenshots/4059540/_exploration_-_credit_card_app.png
4400092,app+card+chart+clean+finance+ios+list+location+map+payment+profile+shopping,https://cdn.dribbble.com/users/903897/screenshots/4400092/shot.png
5533860,app+application+bank+chart+cryptocurrency+dashboard+design+dribbble+dribbble popular shot+finance+financial+gauge+graph map+ios+iphone+mobile+statistics+stats charts+ui+ux,https://cdn.dribbble.com/users/1920857/screenshots/5533860/event_dribbble_presentation.jpg
3886511,bitcoin swipe ux+blockchain fintech graph+cryptocurrency data chart+crypto mobile money+dashboard ios 11+data+data visualization+exchange design finance ui+gradient icon app+money dark white+news state uidesign+reports card stock+uidesign black swipe+ux designer interface+visualization,https://cdn.dribbble.com/users/239075/screenshots/3886511/tradingappiphone_dribbble_800.png
6689034,android+calendar+chart+clean+crypto+dashboard+finance+icon+ios+management+minimal+mobile+payment+project+real estate+task+timeline+tool+wallet+web,https://cdn.dribbble.com/users/937198/screenshots/6689034/artboard_copy_2.png
6176556,application+bank+chart+cryptocurrency+dashboard+design+dribbble+dribbble popular shot+finance+financial+gauge+graph map+ios+iphone+mobile+music dashboard+statistics+stats charts+ui+ux,https://cdn.dribbble.com/users/1920857/screenshots/6176556/final.png
4507003,android+banking+budget+chart+clean+dashboard+finance+ios+landing page+payment+wallet+web,https://cdn.dribbble.com/users/937198/screenshots/4507003/post.png
4344950,app application mobile+chart crm sme finance+clean modern minimal+dashboard graph bar chart+finance revenue profit+invoicing quotes expenses+ios x time tracking stopwatch+money stats management,https://cdn.dribbble.com/users/953761/screenshots/4344950/fiskl_shot_mobile_main.png
6706310,activity+app+black+blue+chart+clean+colors+concept+credit card+cyan+design+finance+ios+minimal+mobile+mobile app+mobile design+mobile ui+transaction+ui,https://cdn.dribbble.com/users/1494589/screenshots/6706310/finance_ui_concept.png
5442765,app+application+bank+chart+cryptocurrency+dashboard+design+dribbble+dribbble popular shot+finance+financial+gauge+graph map+ios+iphone+mobile+statistics+stats charts+ui+ux,https://cdn.dribbble.com/users/1920857/screenshots/5442765/canvas.jpg
4367821,app application mobile+calendar list graph bar chart+clean modern minimal+crm sme finance+finance revenue profit+invoicing quotes expenses+ios x map mileage tracking+money stats management+task manager to-do list fab,https://cdn.dribbble.com/users/953761/screenshots/4367821/fiskl_shot_mobile_minor.png
6634223,app+banking+chart+charts+clean+color+craftwork+finance+financing+illustration+ios+minimal+product+ui+uidesign+ux+wallet,https://cdn.dribbble.com/users/2011543/screenshots/6634223/dribbble_walletapp_dibupranto.png
5519790,analytics+animation+app+banking+finance+fintech+ios+monobank+payments+pfm+pie chart+product design+spending+statistics,https://cdn.dribbble.com/users/120141/screenshots/5519790/pfm.png
5362735,android+app+application+bank+chart+cryptocurrency+dashboard+design+dribbble+finance+financial+fintech+gauge+graph map+ios+iphone+mobile ui+statistics+stats charts+ux,https://cdn.dribbble.com/users/1920857/screenshots/5362735/canvas.jpg
6896514,app+bank+chart+clean+dark+dashboard+design+finance+ios+mobile+money+ui+ux,https://cdn.dribbble.com/users/83361/screenshots/6896514/1.png
5657114,app+chart+cryptocurrency+dark app+finance+graph+ios+layout+mining+ui kit,https://cdn.dribbble.com/users/85529/screenshots/5657114/more-details.png
4027315,bitcoin stocks+chart list+crypto wallet mobile+finance currency+fintech graph+gradient dashboard menu+icon+iphone x+payment minimal+price ios+trading+ui dark inspiration,https://cdn.dribbble.com/users/239075/screenshots/4027315/trading_app_iftikhar_shaikh.png
3781837,10clouds+app+bachanek+chart+finance+fund+hedge+ios+kamil+market+mobile+stock,https://cdn.dribbble.com/users/641959/screenshots/3781837/titan_dribbble_mobile_app_1_0_0.png
6912770,android+animation+app+bank+chart+dashboard+design+finance+ios+mobile+money+ui+ux+video,https://cdn.dribbble.com/users/83361/screenshots/6912770/credit_card.png
6302437,app+bank+banking+bitcoin+chart+crypto+crypto currency+crypto exchange+crypto trading+crypto wallet+dashboad+exchange+finance+finance app+fintech+graph+ios+mobile+money+trading,https://cdn.dribbble.com/users/481951/screenshots/6302437/1600x1200-4.png
6117299,bank+banking+bitcoin+chart+crypto+crypto currency+crypto exchange+crypto trading+crypto wallet+dashboard+exchange+finance+finance app+fintech+invisionstudio+invision studio+ios+mobile+money+trading,https://cdn.dribbble.com/users/481951/screenshots/6117299/1600x1200-6.png
5377102,android+app+application+bank+chart+cryptocurrency+dashboard+design+dribbble+finance+financial+fintech+gauge+graph map+ios+iphone+mobile ui+statistics+stats charts+ux,https://cdn.dribbble.com/users/1920857/screenshots/5377102/canvas.jpg
4497099,android+banking+bitcoin+budget+chart+corporate+dashboard+finance+ios+payment+transaction+wallet,https://cdn.dribbble.com/users/937198/screenshots/4497099/p.png
5467489,app+application+bank+chart+cryptocurrency+dashboard+design+dribbble+dribbble popular shot+finance+financial+gauge+graph map+ios+iphone+mobile+statistics+stats charts+ui+ux,https://cdn.dribbble.com/users/1920857/screenshots/5467489/dribbble_presentation.jpg
4351600,app+card+chart+credit+finance+income+interface+ios+transaction+wallet,https://cdn.dribbble.com/users/1150809/screenshots/4351600/credit_card_app_dark.png
6132004,app+bank+banking+bitcoin+chart+crypto+crypto currency+crypto exchange+crypto trading+crypto wallet+dashboad+exchange+finance+finance app+fintech+graph+ios+mobile+money+trading,https://cdn.dribbble.com/users/481951/screenshots/6132004/1600x1200-8.png
4493115,banking+bitcoin+budget+chart+corporate+dashboard+finance+graph+mobile+payment+transaction+wallet,https://cdn.dribbble.com/users/937198/screenshots/4493115/attach-small.png
2987521,3d+animation+app+chart+finance+interaction+ios+mobile+prototype,https://cdn.dribbble.com/users/107759/screenshots/2987521/finance-chart.gif
6637469,app+banking+chart+charts+clean+clean ui+color+craftwork+finance+financing+illustration+ios+minimal+product+uidesign+uiux+wallet,https://cdn.dribbble.com/users/2011543/screenshots/6637469/dribbble_walletapp_dibupranto_copy.png
6630190,app+banking+chart+charts+clean+color+craftwork+finance+financing+illustration+ios+minimal+product+ui+uidesign+ux+wallet,https://cdn.dribbble.com/users/2011543/screenshots/6630190/wallet_app_by_dibupranto.png
2995322,cards+chart+finance+free+freebies+funds+graph+sketch+stats+template,https://cdn.dribbble.com/users/345970/screenshots/2995322/trading_mobile.png
4095309,app ios iphone card+chart credit cart finance income+clean flat shadows minimal white+dashboard statistics wallet+graph modern+payment money bill+shop ico bitcoin+stats crypto currency+subscription manager+ui ux fintech design mobile,https://cdn.dribbble.com/users/664866/screenshots/4095309/cc2.png
3567107,analytics+chart+concept+data+finance+fintech+graph+ios+overview+purple+sales,https://cdn.dribbble.com/users/29393/screenshots/3567107/finance-concept-800x600-strv.gif
5965544,app+bank+banking+bitcoin+chart+crypto+crypto currency+crypto exchange+crypto trading+crypto wallet+dashboad+exchange+finance+finance app+fintech+graph+ios+mobile+money+trading,https://cdn.dribbble.com/users/481951/screenshots/5965544/1600x1200-4.png
6252289,app+balance+bank+business+calendar+chart+dashboard+design+expense+finance+income+ios+manager+money+spending+tracker+transaction+ui+ux+wallet,https://cdn.dribbble.com/users/449285/screenshots/6252289/expense-tracker-app.jpg
6603492,banking+behance+blue+chart+clean+color+dribbble+finance+finance app+financing+ios+minimal+uidesign+ux+wallet,https://cdn.dribbble.com/users/2055637/screenshots/6603492/dribbble.png
6841591,app+dark mode+dark ui+design+donut chart+finance+ios+linechart+mobile+ui,https://cdn.dribbble.com/users/519287/screenshots/6841591/dribbble-mobileapp.gif
6427274,app+chart+clean+dark+finance app+graph+ios+minimal+payment+uidesign+ux ui+wallet,https://cdn.dribbble.com/users/24612/screenshots/6427274/wallet.png
2899961,analytics+app+chart+dashboard+finance+flat+graph+ios+iphone+statistics+ui+ux,https://cdn.dribbble.com/users/182336/screenshots/2899961/financial_app_mini.jpg
6187244,animation+bank+banking+bitcoin+chart+crypto+crypto currency+crypto exchange+crypto trading+crypto wallet+exchange+finance+finance app+fintech+globe+ios+login+mobile+money+trading,https://cdn.dribbble.com/users/481951/screenshots/6187244/comp_1_2.png
5582837,app+bank+banking+bitcoin+chart+crypto+crypto currency+crypto exchange+crypto trading+crypto wallet+dashboad+exchange+finance+finance app+fintech+graph+ios+mobile+money+trading,https://cdn.dribbble.com/users/481951/screenshots/5582837/1600x1200-2.png
5381804,android+app+application+bank+chart+cryptocurrency+dashboard+design+dribbble+finance+financial+fintech+gauge+graph map+ios+iphone+mobile ui+statistics+stats charts+ux,https://cdn.dribbble.com/users/1920857/screenshots/5381804/cart_dribbble.jpg
5617005,app+bank+banking+bitcoin+chart+crypto+crypto currency+crypto exchange+crypto trading+crypto wallet+dashboad+exchange+finance+finance app+fintech+graph+ios+mobile+money+trading,https://cdn.dribbble.com/users/481951/screenshots/5617005/1600x1200-4.png
3818856,bookkeeping+cash+chart+clean+dashboard+finance+invoice+ios+payment,https://cdn.dribbble.com/users/13503/screenshots/3818856/koodaa-mobile-app.png
6809820,add+analytics+business+chart+clean ui+customer+design+enterprise+finance+graphic+ios+payment+sign in+ui+ux+vector+wallet+white,https://cdn.dribbble.com/users/1787920/screenshots/6809820/mobile_ui.png
5166655,chart+dashboard+ios+iphone+mobile+ui+ux,https://cdn.dribbble.com/users/45895/screenshots/5166655/personal-banking.png
6450697,chart+dashboard+finance+graph+ios+mobile+mobile app+ui+ui ux,https://cdn.dribbble.com/users/1175200/screenshots/6450697/chart_graph_ui_ux_bar.jpg
4141403,app+application+balance+bank+chart+finance+graph+ios+statistics+ui+ux+wallet,https://cdn.dribbble.com/users/297195/screenshots/4141403/bank_mini.png
5616047,application+bank+bank app+bar chart+bottom sheet+charts+clean+dashboard+expenses+finance+home budget+invision studio+ios+list+mobile+mobile app+mobile app development+money+personal finance+transactions,https://cdn.dribbble.com/users/244247/screenshots/5616047/artboard.png
5562727,adobe xd+animation+app+auto animate+blue+bold+budget+chart+contest+exprense+finance+gif+income+interaction+ios+iphone x+microinteraction+pie+statistics+stats,https://cdn.dribbble.com/users/1580917/screenshots/5562727/adobe_xd_finance_animate.png
4949990,app+chart+clean+data+finance+ios+minimal+mobile+money+statistics+ui+ux,https://cdn.dribbble.com/users/58362/screenshots/4949990/clo-mobile-drb.png
5569801,app+bank+banking+bitcoin+chart+crypto+crypto currency+crypto exchange+crypto trading+crypto wallet+dashboad+exchange+finance+finance app+fintech+graph+ios+mobile+money+trading,https://cdn.dribbble.com/users/481951/screenshots/5569801/1600x1200.png
6384695,analytics+bank+chart+dashboard+finance+ios,https://cdn.dribbble.com/users/21559/screenshots/6384695/mockup.png
3821009,bookkeeping+cash+chart+clean+dashboard+finance+invoice+ios+payment+profile+transaction,https://cdn.dribbble.com/users/13503/screenshots/3821009/kooda-2-alt1.png
3539068,app+chart+finance+ios+list+message+news+stock+trade,https://cdn.dribbble.com/users/903897/screenshots/3539068/shot.png
6450639,chart+dashboard+finance+graph+ios+mobile app+mobile ui+ui ux,https://cdn.dribbble.com/users/1175200/screenshots/6450639/chart_graph_ui_ux_finance.jpg
1728095,chart+dashboard+data+design+finance+fire+game+graph+ios+statistics+stats+ui,https://cdn.dribbble.com/users/13307/screenshots/1728095/line_chart.jpg
5549261,app+app concept+app dashboard+app design+bank app+card+chart+dashboard+dashboard design+e-commerce+finance app+financial app+fintech+ios+iphone x+shedule+statistics+typography+ui+ux,https://cdn.dribbble.com/users/1339011/screenshots/5549261/dribble_thumbnil_7.png
4768982,android+app+card+chart+color+concept+ios+kit+mobile+music+ui kit+ux,https://cdn.dribbble.com/users/585028/screenshots/4768982/rodman-2-dribbble.png
3718550,app+bill+blue+chart+data+design+finance+interface+ios+line+mobile+ui,https://cdn.dribbble.com/users/1262741/screenshots/3718550/bill.png
5339957,bank banking card+budgeting calculator dashboard+chart clean dashboard+coin dashboard exchange+contacts send money android+finance financial finances+financial product ui+graph interaction ios+management transaction ui+mobile money ux+token ui wallet,https://cdn.dribbble.com/users/950937/screenshots/5339957/thumbnail_02.png
6361258,admin panel+android+app+blockchain+chart+charte graphique+creative design+dashboard+data design+data science+finance financial+illustration+ios+minimal+mobile app+product+typography+uikit+ux+ux ui design,https://cdn.dribbble.com/users/2613398/screenshots/6361258/thumbnail.jpg
4235109,app ios iphone card+chart credit cart finance income+clean flat shadows minimal white+dashboard statistics wallet+graph modern+payment money bill+shop ico bitcoin+stats crypto currency+subscription manager+ui ux fintech design mobile,https://cdn.dribbble.com/users/664866/screenshots/4235109/closeup1.png
5093327,analytics+chart+dashboad+finance+fintech+forex+ios+iphone+mobile+social app+trading+ui+ux,https://cdn.dribbble.com/users/1029438/screenshots/5093327/dribbble_final.png
5687412,app+bank+banking+cards+chart+design+finance+graph+ios+mobile+stats+ui+ux+wallet,https://cdn.dribbble.com/users/2396830/screenshots/5687412/banking_03.png
6292070,app+bank+business+chart+dashboard+design+expense+finance+income+ios+iphone+manager+mobile+money+salary+spending+tracker+transaction+ui+ux,https://cdn.dribbble.com/users/449285/screenshots/6292070/finance-dashboard.jpg
6149801,app+bitcoin+chart+charts+crypto+dashboard+finance+finance app+financial app+ios+iphone+profile design+trading+ui+ui ux+ui ux design,https://cdn.dribbble.com/users/130882/screenshots/6149801/test6.png
4949649,app+bank+banking+chart+dark+dashboard+data+finance+graph+ios+iphone x+product design+sketch+ui+visualization,https://cdn.dribbble.com/users/929812/screenshots/4949649/personal_finance_app.jpg
6625414,app+chart+crypto+dark theme+dashboard+finance+ios+wallet,https://cdn.dribbble.com/users/873019/screenshots/6625414/artboard_1x.png
2739917,banking+chart+finance+graph+icons+investing+ios+market+mobile+navigation+ui+ux,https://cdn.dribbble.com/users/195330/screenshots/2739917/finance-homepage-for-mobile.png
4235130,app ios iphone card+chart credit cart finance income+clean flat shadows minimal white+dashboard statistics wallet+graph modern+payment money bill+shop ico bitcoin+stats crypto currency+subscription manager+ui ux fintech design mobile,https://cdn.dribbble.com/users/664866/screenshots/4235130/closeup2.png
6358224,bank app+card+chart+digital+finance+graph+ios+sketch+statistic+ui ux,https://cdn.dribbble.com/users/1414365/screenshots/6358224/dg.png
6089249,bank+branding+budget+chart+circles+clean+dashboard+finance+flat+illustrations+ios 10+minimalism+mobile+slider+ui+ux+wallet,https://cdn.dribbble.com/users/410964/screenshots/6089249/budgetplanner-dark-dribbble.jpg
6832984,app+budget app+chart+design+finance+invest+investing+investment+ios+ios design+mobile+mobile design+money+pocket+stats+stats app+stock+stock app+stock exchange+stocks,https://cdn.dribbble.com/users/3691774/screenshots/6832984/shot.png
3113718,app+black+blue+chart+finance+graph+icon+ios+ios10+iphone+iso+white,https://cdn.dribbble.com/users/295841/screenshots/3113718/teaser4.jpg
3744744,app+chart+dashboard+design+finance+ios+stats+ui+ui kit+ux,https://cdn.dribbble.com/users/1024928/screenshots/3744744/dribbble5.gif
5048920,bank+chart+dashboard+dribbble+exchange+finance+fintech+invite+ios+stock+ui+wallet,https://cdn.dribbble.com/users/435603/screenshots/5048920/dribble_02_invites.jpg
3271317,app+application+chart+data+economic+finance+form+information+ios+mobile+portfolio+stock,https://cdn.dribbble.com/users/903897/screenshots/3271317/stock-pfl.gif
5682854,app+bank+banking+chart+dashboard+finance+financial+ios+mobile+money+pay+wallet,https://cdn.dribbble.com/users/1729247/screenshots/5682854/vakif3.png
2528661,budget+chart+finance+flow+gif+ios+mobile+money+payment+principle,https://cdn.dribbble.com/users/347241/screenshots/2528661/mobile-payment.gif
2392162,analytics+chart+dribbble+finance+graph+invite+invites+ios+stats+transaction+ui+wallet,https://cdn.dribbble.com/users/130066/screenshots/2392162/dribbble-ios-wallet_1x.png
3047097,app+chart+finance+ios+stats,https://cdn.dribbble.com/users/1605/screenshots/3047097/dribbble_2.png
2602065,app ui+chart+finance+ios app+statics,https://cdn.dribbble.com/users/1116459/screenshots/2602065/1-1.jpg
6337197,admin panel+android+app+blockchain+chart+charte graphique+creative design+dashboard+data design+data science+finance financial+illustration+ios+landing page+minimal+mobile app+product+typography+ui+ui ux design,https://cdn.dribbble.com/users/2613398/screenshots/6337197/property_rental_app_design.jpg
2528800,app+chart+dashboard+finance+financial+flat+graph+ios+mobile+saving+transactions,https://cdn.dribbble.com/users/455839/screenshots/2528800/buckit.png
6314527,admin panel+android+app+automotive design+block chain+chart+creative design+dashboard+data design+data science+finance financial+graph+illustration+ios+landing page+minimal+mobile app+product+ui+ux ui design,https://cdn.dribbble.com/users/2613398/screenshots/6314527/thumbnail.jpg
4204347,banking+chart+finance+fintech+flat+ios+iphone+mobile+simple+ui,https://cdn.dribbble.com/users/1050499/screenshots/4204347/finanace_app.jpg
6841956,app+dark mode+dark ui+design+donut chart+finance+ios+linechart+mobile+ui,https://cdn.dribbble.com/users/519287/screenshots/6841956/dribbble-mobileapp.gif
4367635,bitcoin+charts+crypto+currency+design+finance+interface+ios+kit+mobile+sketch+ui,https://cdn.dribbble.com/users/1029438/screenshots/4367635/artboard_800x600.png
6007543,adobexd+animation+application+chart+finance+finance app+flowchart+ios+iteration+mobile+motion+userexperiance+xddailychallenge,https://cdn.dribbble.com/users/1124584/screenshots/6007543/video-output-a19daaa6-42bd-44e8-9eb3-6853aa876de0.png
6377861,admin panel+android+app+blockchain+chart+charte graphique+creative design+dashboard+data design+data science+finance financial+illustration+ios+minimal+mobile app+product+typography+uikit+ux ui+ux ui design,https://cdn.dribbble.com/users/2613398/screenshots/6377861/food_app_design.jpg
2262287,bank+chart+clean+concept+finance+graph+ios+ios9+tvos+typography+ui+wallet,https://cdn.dribbble.com/users/130066/screenshots/2262287/finance-app-ui.png
2528483,budget+chart+finance+ios+mobile+money+payment,https://cdn.dribbble.com/users/347241/screenshots/2528483/mobile_payment_2.png
5971055,analitycs+android+chart+data+data analysis+design+diagram+drop+finance+finance icons+graph+growth+icons+interface+ios+iphone+mobile+ui+vector+web,https://cdn.dribbble.com/users/200162/screenshots/5971055/data_icons.jpg
5267263,animation+chart+dashboad+finance+fintech+forex+ios+iphone+mobile+motion+social+social app+trading+ui+ux,https://cdn.dribbble.com/users/1029438/screenshots/5267263/bribbble_1-_converted_.gif
3979189,animation+app+bank+chart+finance+financial+graph+ios+motion+ui+ux+x,https://cdn.dribbble.com/users/1338755/screenshots/3979189/csas_ani3.gif
6499000,accounting+app+bank+business+chart+clean+dailyui+dailyui046+dashboard+figma+finance+illustration+invoice+ios+mobile+pay+send+stats+ui+vector,https://cdn.dribbble.com/users/2504049/screenshots/6499000/daily-ui-04dribbble.jpg
5059723,chart+dashboard+finance app+graph+ios+mock up+overview+strategy+uiux+visual design,https://cdn.dribbble.com/users/1117645/screenshots/5059723/decorp1.png
3856326,chart+dailyui+finance+graph+indicator+ios+mobile+money+popup+profit+statistics+tooltip,https://cdn.dribbble.com/users/1204750/screenshots/3856326/day66-pre.png
5276428,analitycs+app+chart+design+download+finance+free+ios+statistic+ui+ux,https://cdn.dribbble.com/users/1421678/screenshots/5276428/20.jpg
4233958,app+chart+finance+flat+graph+ios+iphone+mobile+sketch+statistics+ui+ux,https://cdn.dribbble.com/users/59841/screenshots/4233958/dribbble_shot.png
4232585,chart+coindesk+finance+interface+ios+iphone+ui+ux,https://cdn.dribbble.com/users/1502567/screenshots/4232585/coin_.jpg
5337724,bank+chart+circular diagram+finance+finance app+ios,https://cdn.dribbble.com/users/625291/screenshots/5337724/budget-dribbble.png
6372119,admin panel+android+app+blockchain+chart+charte graphique+creative design+dashboad+data design+data science+finance financial+illustration+ios+minimal+mobile app+product+typography+ui8+ux ui+ux ui design,https://cdn.dribbble.com/users/2613398/screenshots/6372119/car_trade-in_app_design.jpg
6149046,app store+bots+chart+charts+data analysis+data visulization+ios+ios app+japan+list+singapore+ui+ui app,https://cdn.dribbble.com/users/361148/screenshots/6149046/chatq_2.jpg
2452011,application+blue+chart+finance+graph+interface+ios+iphone+phone+ui+wisebanyan+woodgrain,https://cdn.dribbble.com/users/100581/screenshots/2452011/wisebanyan-app-screen-shot-sm.jpg
819236,11+app+chart+data+finance+graph+green+interface+ios+ios app+iphone+line chart+numbers+sa+stats+stocks+ui,https://cdn.dribbble.com/users/3108/screenshots/819236/iphone_stocks.jpg
4472568,appdesign+challenge+chart+cycle+design+finance app+goal+illustration+ios+money+ui,https://cdn.dribbble.com/users/1325461/screenshots/4472568/claspapp-03.png
6502399,app+blockchain+card+cards+chart+coin+crypto+cryptocurrency+crypto cryptocurrency+dark ui+dashboard+design+finance+ico+ios+mobile+motion+token+ui+ux,https://cdn.dribbble.com/users/2396830/screenshots/6502399/main_4.gif
3179874,admin panel+android+bangladesh+best shot+budget+chart+creaive design.+dashboard+design+e-wallet+finance+illustration+ios+landing page+logo+mobile app+product+ui+ux+web design,https://cdn.dribbble.com/users/968354/screenshots/3179874/cover_photo.png
3741321,app+chart+clean+design+finance+graph+ios+minimal+mobile+statistics+stats+ui,https://cdn.dribbble.com/users/1824290/screenshots/3741321/artboard_copy_2.png
2359561,analytics+animation+app+card+chart+finance+ios+money+ui+ux+wallet,https://cdn.dribbble.com/users/192407/screenshots/2359561/mobile-wallet.gif
1926266,app+chart+finance+graph+ibillionaire+ios+table+ui+ux,https://cdn.dribbble.com/users/3782/screenshots/1926266/ibillionaire.png
6149037,chart+cryptos+data analysis+data visulization+ios+ios app+ios app design+mobile app+stocks+ui+watchlist,https://cdn.dribbble.com/users/361148/screenshots/6149037/chatq_0.jpg
4389281,admin+android+app+chart+dashboard+data+financial+graph+ios+mobile+panel+science,https://cdn.dribbble.com/users/1193189/screenshots/4389281/savings.png
1828703,budget+chart+finance+graph+ios+iphone6+mobile+money+pay+payment,https://cdn.dribbble.com/users/347241/screenshots/1828703/mobile_payment_app.png
2528777,app+budget+control+finance+ios+management+mobile+money+uiux+wallet,https://cdn.dribbble.com/users/252294/screenshots/2528777/mywallet_dribbble.gif
2706992,banking+blur+chart+dark+finance+ios+switcher+ui,https://cdn.dribbble.com/users/1145658/screenshots/2706992/banking_app.png
3390777,bank+budget+chart+design+e-wallet+finance+ios+ui,https://cdn.dribbble.com/users/989719/screenshots/3390777/___.jpg
6837085,android+app+chart+cryptocurrency+crypto wallet+finance+ios+tokens+wallet,https://cdn.dribbble.com/users/842193/screenshots/6837085/tokeo_shot.png
2719381,bar+chart+finance+flat+graph+green+ios+ipad+ui,https://cdn.dribbble.com/users/37520/screenshots/2719381/ipad_mock_01.png
3725188,analytics+bank+chart+expeses+finance+flat+illustration+income+ios+ios11+irbis+pfm,https://cdn.dribbble.com/users/28676/screenshots/3725188/pfm.png
2500415,bank+card+chart+dark ui+finance+graph+ios app+iphone app+light ui+mobile app+stock,https://cdn.dribbble.com/users/498505/screenshots/2500415/stockapp_1.jpg
1899543,app+chart+finance+graph+ibillionaire+ios+table+ui+ux,https://cdn.dribbble.com/users/3782/screenshots/1899543/ibln.png
1452018,blurred+chart+finance+font+icons+ios 7+iphone+menu+ui,https://cdn.dribbble.com/users/260785/screenshots/1452018/01.png
2379102,app+bank+chart+clear+diagram+finance+ios+mobile+ui+ux,https://cdn.dribbble.com/users/971975/screenshots/2379102/banks1_800x600.jpg
3925722,app+budget+chart+clean+expenses+finance+minimalist+money+serif+ui+ux+white,https://cdn.dribbble.com/users/1003189/screenshots/3925722/budget.png
4250860,dashboard+data+design+finance+fire+graph+ios+statistics+stats+ui,https://cdn.dribbble.com/users/944284/screenshots/4250860/fluo.png
1666312,bank+chart+dashboard+finance+graph+ios+ipad+loop+money+pendulum+transition,https://cdn.dribbble.com/users/21559/screenshots/1666312/dashboard-transition_2.gif
5404462,bank+bank account+bank app+bank card+banking+chart+clean app+credit card+dark+finance app+finances+ios+light+mbway+mobile+money,https://cdn.dribbble.com/users/155939/screenshots/5404462/dribbble-3.gif
5561404,app+budget+chart+dashboard+finance+ios+iphone+modal+stats,https://cdn.dribbble.com/users/70243/screenshots/5561404/bluejay-timbalabuch-dribbble.png
5794728,animation+app+chart+finance app+graph+interaction+ios+mobile+product+share market+stock+ui ux design,https://cdn.dribbble.com/users/1134747/screenshots/5794728/stock-management-ios-app-ui-ux-design-dribbble.gif
5527469,app+bank+banking+chart+donut+finance+fintech+gradient+ios+mobile+online+uiux+web,https://cdn.dribbble.com/users/1225295/screenshots/5527469/artboard_copy_2.png
1759523,app+chart+colorful+data+finance+gradient+graph+ios+money+ui+ux,https://cdn.dribbble.com/users/322781/screenshots/1759523/dribb.jpg
3928356,app+chart+cubix+finance+forex+graph+ios+mobile+stock+stock exchange+trading,https://cdn.dribbble.com/users/1712269/screenshots/3928356/thumbnail.jpg
873410,chart+diagram+finance+graph+infographics+interactive+ios+ipad+presentation+stats,https://cdn.dribbble.com/users/153748/screenshots/873410/chart.png
1996340,black android app+business user interface+clean branding+dark red green chart+digital stocks+finance and investing+flat+flat ui ux+icons+interactive gui navigation+interface+investment market+ios+ios iphone app+minimal+minimal gui+mobile design+navigation+ui,https://cdn.dribbble.com/users/189510/screenshots/1996340/inv_shot.png
5317944,animation+app+chart+dashboad+finance+fintech+forex+ios+iphone+mobile+motion+social+trading+ui+ux,https://cdn.dribbble.com/users/1029438/screenshots/5317944/1_optimized_2.gif
1232906,chart+diagram+finance+graph+infographics+interactive+ios+ipad+presentation+stats,https://cdn.dribbble.com/users/153748/screenshots/1232906/k-app1.jpg
1926483,app+chart+finance+graph+ibillionaire+ios+table+ui+ux,https://cdn.dribbble.com/users/3782/screenshots/1926483/ib.png
5438288,admin panel+android+app+block chain+chart+creative design+dashboad+data science+design+finance financial+graph+illustration+ios+landing page+minimal+mobile app+product+typography+ui+ux,https://cdn.dribbble.com/users/2613398/screenshots/5438288/dribble.jpg
1803425,app+budget+budjet+chart+finance+fintech+flat+infographic+ios+money+moneyfarm+numbers,https://cdn.dribbble.com/users/70340/screenshots/1803425/budjet-goals-dribbble.jpg
1405621,app+bitcoin+chart+cryptocurrency+dashboard+finance+investment+ios+wallet,https://cdn.dribbble.com/users/407044/screenshots/1405621/bitcoin-presentation-small.jpg
2602109,app ui+chart+finance+ios app+statics,https://cdn.dribbble.com/users/1116459/screenshots/2602109/2.jpg
3807531,activities+chart+finance+gradient+ios+iphonex+light+minimal+mobile+profile+timeline+ui,https://cdn.dribbble.com/users/1080651/screenshots/3807531/iphonex_s.jpg
3206923,bank+chart+expenses track+feed+finance+ios+list+minimalism+money+personal finance+transactions,https://cdn.dribbble.com/users/1361910/screenshots/3206923/transaction_feed_thumb.jpg
1666334,bank+chart+finance+ios+ipad+money+photo,https://cdn.dribbble.com/users/21559/screenshots/1666334/photo.jpg
1699345,bank+chart+dashboard+finance+ios+ipad+mockup+money+singapore+transition+ux+wireframe,https://cdn.dribbble.com/users/303174/screenshots/1699345/mockup_00.jpg
3204512,admin panel+android+app+best shot+branding+chart+dashboard+design+finance+homescreen+icon+infography+ios+landing page+mobile app+statistics+ui+ux+wallet+web design,https://cdn.dribbble.com/users/968354/screenshots/3204512/dribbble_thumbnail_final.jpg
2556988,bank+chart+clean+dashboard+finance+graph+interface+ios+ipad+ui+ux,https://cdn.dribbble.com/users/87516/screenshots/2556988/dashboard-idea.jpg
2602121,app ui+chart+finance+ios app+statics,https://cdn.dribbble.com/users/1116459/screenshots/2602121/3.jpg
2969500,app+chart+finance+graph+icons+ios+minimal+money+payments+ui+ux+wallet,https://cdn.dribbble.com/users/122485/screenshots/2969500/payments_app_dribbble.png
2287974,app+budget+chart+data+expenses+finance+ios+iphone+manage+ui design,https://cdn.dribbble.com/users/926803/screenshots/2287974/budget-planner-detail-screen.png
3563817,app+bitcoin+chart+dark+dashboard+finance+graph+ios+mobile+trading+ui+ux,https://cdn.dribbble.com/users/515378/screenshots/3563817/bitwex_graph.jpg
5301871,account management+app dashboard+bank account+bitcoin+branding agency ios android+crypto currency+finance financial+ico market stock trading+kpi pie chart+statistics+uiux design,https://cdn.dribbble.com/users/2177040/screenshots/5301871/bundddle_dashboad_thumbnil.jpg
2223121,bank+bars+chart+finance+ios+manager+mobile,https://cdn.dribbble.com/users/211422/screenshots/2223121/pfm.png
5409199,bar+bar chart+finance+fin tech+graph+ios+mobile,https://cdn.dribbble.com/users/506908/screenshots/5409199/artboard.png
2022171,app+budget+chart+crown+finance+fintech+flat+ios+money+numbers+watch+wear,https://cdn.dribbble.com/users/70340/screenshots/2022171/budjet-watch-concept.jpg
290967,app+chart+clean+design+finance+interface+ios+ipad+red+stats+stocks+ui,https://cdn.dribbble.com/users/26306/screenshots/290967/finance_small.png
6764319,app+bank app+banking+banking app+categories+chart+charts+clean+clean ui+colors+finance+finance app+finances+fund+ios+minimal+minimalist+product design+projection mapping+ui,https://cdn.dribbble.com/users/2608586/screenshots/6764319/casachil_2.jpg
4606102,bitcoin+bitcoinmining+card+chart coindesk finance interface+darktheme+ethereum+ios+iphone+litecoin+ui+ux,https://cdn.dribbble.com/users/2154696/screenshots/4606102/coindesk_application_ui_tecorb.jpg
2557033,bank+chart+dashboard+finance+graph+interface+ios+ipad+ui+ux,https://cdn.dribbble.com/users/87516/screenshots/2557033/dashboard-elements-03.jpg
2293933,app+bank+banking+bar+chart+finance+ios+mobile+pfm+pie,https://cdn.dribbble.com/users/211422/screenshots/2293933/dribbble-pfm.png
1759518,app+chart+colorful+data+finance+gradient+graph+ios+money+ui+ux,https://cdn.dribbble.com/users/322781/screenshots/1759518/shot.jpg
5145712,app+chart+design+exchange rate+finance+ios+mobile+ui+ux,https://cdn.dribbble.com/users/2028689/screenshots/5145712/mmk_tracker_dribbble.png
1139251,app+chart+finance+graph+interface+ios+ios7+moneyfarm+paper+pen+sketch+wireframe,https://cdn.dribbble.com/users/70340/screenshots/1139251/mfm-app-sketch-1.jpg
1789021,app+budget+budjet+chart+donut+finance+fintech+flat+infographic+ios+money+numbers,https://cdn.dribbble.com/users/70340/screenshots/1789021/budjet-dribbble-shot.png
2027157,app+budget+chart+crown+finance+fintech+flat+glance+ios+money+numbers+watch,https://cdn.dribbble.com/users/70340/screenshots/2027157/budjet-watch-glance.png
2245713,app+budget+chart+data+expenses+finance+ios+iphone+manage+ui design,https://cdn.dribbble.com/users/926803/screenshots/2245713/budget-planner-iphone-app.png
2140464,animation+bank+chart+finance+ios+manager+mobile+pie,https://cdn.dribbble.com/users/211422/screenshots/2140464/pfm-piechart.gif
1039677,blue+chart+finance+graph+ios+iphone+login+native,https://cdn.dribbble.com/users/140633/screenshots/1039677/ameri.png
4477579,chart+dashboard+data+design+finance+fire+game+graph+ios+statistics+stats+ui,https://cdn.dribbble.com/users/610527/screenshots/4477579/finag_dribbble.jpg
365449,bank+banking+chart+finance+graph+ios+ipad+ui+vector,https://cdn.dribbble.com/users/7760/screenshots/365449/dribbble.png
1178954,app+chart+donut+finance+fintech+interface+ios+ios7+iphone+mobile+ui,https://cdn.dribbble.com/users/70340/screenshots/1178954/mfm-iosapp-1.png
2232588,animation+app+chart+data+finance+gif+graph+ios+ui,https://cdn.dribbble.com/users/84022/screenshots/2232588/beta2.gif
373530,bank+banking+chart+finance+graph+guilloche+ios+ipad+popover+ui,https://cdn.dribbble.com/users/7760/screenshots/373530/switch.png
1321758,app+chart+finance+fintech+flat+investment+ios+ios7+iphone+money+moneyfarm+performance,https://cdn.dribbble.com/users/70340/screenshots/1321758/mfm-iosapp-2.jpg
1612013,bitcoin+chart+coinbase+finance+graph+ios+iphone+money+transaction+ui,https://cdn.dribbble.com/users/476286/screenshots/1612013/bitbasedribble.png
1948393,chart+data+donut+finance+fintech+graph+list+money+moneyfarm+numbers,https://cdn.dribbble.com/users/70340/screenshots/1948393/mfm_app_2.jpg
5676904,analitycs+app+app design+app ui+chart+charts+dailyui+daily ui+daily ui 066+finance+flat+income+interface+ios+iphone app+mobile+statistic+statistics+ui+ui dashboard,https://cdn.dribbble.com/users/86760/screenshots/5676904/dribble.jpg
