6233720,app+blue+color+dark+dark blue+design+fashion+music+music app+player+singer+ui
6282090,app+blue+color+dark+fashion+music+music app+player+ui
6105849,app+blue+blur+chart+clean+colors+design+digital+gradient+minimal+music+player+round+running+shadow+typo+ui+ux+watch+white
6010742,app+blue+clean+design+interface+minimal+mobile+music+music app+play+player+song+track+ui+ux
5709859,app+application+blue+blur+chart+clean+colors+design+digital+gradient+graphic+minimal+mobile+music+round+shadow+typography+ui+ux+white
5686454,app+blue+dashboard+dashboard，app，date+design+facebook+icon+kane+kane-d+line+login+music+ue+ui+ux
4022949,app+blue+ios+iphone x+mobile+music+ui+user experience+user interface+ux+yellow
5878674,aftereffects+animation+blue+circle+design+iphone 10+mobile+motion+music+redesign+shazam+sphere+ui
6528224,app+banner+blue+category+design+font+hot+icon+music+new+newest+popular+result+search+selected+teenage girl+top charts+ui+ux+wallpaper
6640752,app+blue+bluetooth+design+headset+illustration+music+ui+ux+volume+wireless
5398435,app+blue+design+ui
5611047,app+blue+design+interface+ios+music+music album+ui+ux
6829456,app+blue+design+flat+illustration+ui
5026087,app+application+blue+clean+digital+gradient+minimal+music+pink+player+typography+ui+ux+white
5240102,app+audio+blue+create+design+home+icon+ios+iphone x+music+podcast+tab bar+ui+ux
3559677,app+blue+design+digital+graphic+illustration+mobile+music+ui+ux+white
6342771,app+blue+music app+sketch+smart app+ui+web
6336826,app+blue+clean+design+music+sketch+ui
3541616,blue+design+digital+flat+graphic+minimal+mobile+music+ui+ux+white
6394822,app+blue+clean+design+music app+sketch+smart app+ui+web
3244272,app7hp+black+blue+button+effects+ios+music+player+shazam+ui+ux
3928065,blue+mobile+music+music app+ui+ux+white
6545787,app+blue+clean+design+music+smarthome+ui+web
3397074,animation+blue+card+event+fashion+festival+flat+gif+mobile+music+ui+web
6581989,app+app design+blue+clean+dailyui+light+minimal+music+music player+player+playlist+ui
5101694,app+blue+music+ui+ux
3894423,app+blue+clean+design+gradient+interface+ios+music+simple+ui+ux
6600342,app+blue+design+digital+equalizer+flat+headphone+minimal+music+notification+product design+sony+spiderman+ui+ux
5099828,android app+android app design+app+app concept+iosapp+music app+player ui+ui+ui ux design+ux
6549891,air+app+automotion+blue+clean+design+home app+lamp+light+music+router+settings+smart home+ui
3943489,blue+ios+music+ui+white
3943415,9+app+app design+blue+challenge+clean+daily ui+daily ui challenge+music+music player+pink+ui
3655914,app+behance+blue+clear+dribbble+music+practice+ui+ux
6419433,100 daily ui+animation+app+blue+color+design+gif+green+motion+music+music app ui+orange+pause+play+purple+ui+yellow
5413334,100 day ui challenge+100-day-ui-challenge+app+app concept+blue+daily ui 9+daily ui challenge+daily ui challenge 9+design+mobile+mobile app+mobile app experience+music player+ui+ui challenge 9+ui design
6485310,animation+app+apple+audio+blue+card+dashboard+explore+illustration+iphone x+minimal+music+music app+music player+orange+pandora+red+spotify+tickets+ui
5487584,app+blue+color+cool+design+graphic+iphone+iphone x+music+red+ue+ui+ux
2702520,apple+blue+green+icon+ios+music+ui
6082762,app+blue+blue and white+material design+material design 2+music+music app+operating system+os+ui+ui ux design
3029469,app+blue+bubble+concept+ios+iphone+mobile+music+orange+redmadrobot+ui+ux
3810180,app+black+blue+clean+color+dark+design+interface+ios+iphone+ui+ux
3470686,blue+card+flat+ios+iphone+mobile+music+profile+ui+ux
2247245,app+blue+clean+color+concept+design+flat+interface+ios+music+ui+ux
2646575,app+blue+design+minimal+music+social+ui
6725707,2d+adobe xd+android+app+blue+color+concept+design+equalizer+flat+home screen+instrument+interface+ios+mobile+mockup+music+music app+ui+ux
3252585,app+blue+design+flat+icon+music+product+theweeknd+ue+ui+user experience
4358902,app+blue+challenge+daily ui+mobile+music+profile+ui+user
3254708,app+blue+concept+headphone+music+pink+time+ui
4904417,app+blue+card+ios+music+player+playlist+song+ui
4309909,blue+challenge+dailyui+dailyui009+james blake+minimal+mobile+music+music player
3332418,app+application+blue+design+ios+music+phone+product+sound+ui+ux
6298691,app+blue+design+listen+mobile+music+music album+music app+music app ui+purple+shadow
4892485,app+blue+concept+mobile+mobile app+music+music app+playground+screens+ui+ui design+ux
4522859,black+blue lagoon+clean+dailyui+mobile app design+modern+photoshop+rose+ui design+ux design+white
4946576,blue+color+design+funny+guitar+ipad+music+tree+ui
5289317,blue+grey+kingsofleon+music+music website+playlist+social app+ux design+ux ui
4443271,app+assets+blue+clean+color+game+google+icon+mobile+music+ui
5198003,app+blue+dark+design+ios+iphone+music+musicapp+simple+ui
2133554,blue+color+misc+mobile+music+photography+player+purple+random+sketch+ui
2823614,app+ios+music ux animation gif blue+player+ui
4793306,blue+childish gambino+daily ui+design+ios app+iphone+mobile+ui+ui challenge
2806650,app+blue+clean+ios+lyric+music+player+shadow+ui+ux
4839680,app+artist+blue+cards+entertainment+gradient+music+stream+touch+ui
6260462,app+app apps application+blue+clean+clear+design+interface+light+mobile+music+player+playlist+purple+screen+ui+ux+white
4724379,app+app icon+application+blue+concept+daily ui+gradient+icon+mobile+music+purple
2542336,app+blue+flat+ios+list+menu+minimal+music player+sidebar+simple+splash+ui
2805410,app+blue+clean+ios+lyric+music+player+shadow+ui+ux
2366296,artist+blue+clean+flat+mobile+music player+ui+ux
6686183,blue+colors+daily ui+design+green+minimal+minimalist+mobile+mobile app+mobile design+mobile ui+music+music app+music art+music player+simple+simplicity+ui+ui design
5810923,blue+dailyui+daily ui+daily ui 009+dark mode+figma+green+mobile app+music app+music player
5587826,black+black white+blue+clean+deezer+flat+gradient background+minimal+mobile+music+music app+player+responsive+spotify+ui+ux+uxdesign
5472780,009+app+blue gray+daily+dailyui+dailyui 009+dark+design+gray+interface design+logo+mobile+music+music app+music player+music player ui+orange+ui+ui design+user interface
4262616,app design+blue+gold+music+ui+ux+white+yellow
2851450,blue+circle+colors+mobile+music player+player+spotify+ui+ux+video+volume
6080227,aesthetic+app+blue+blue and white+minimal+music+sea+simple+ui
3047427,app+blue+design+ios+iphone+mobile+music+play+red+ui+ux
3810170,app+black+blue+clean+color+dark+design+interface+ios+iphone+ui+ux
4814298,blue+dailyui+daily ui+iphone+iphonex+music+music player+play+player
4904489,app+blue+card+ios+list+music+player+playlist+song+ui+yellow
6473094,app+blue+daily ui+dark+dark ui+design+digital+gold+iphone+metal+modal+music player+orange+punk+rock+scifi+simple+skeleton+sound+ui
6508544,app+blue+concept+light+mockup+music+music player+ui+ux
6474982,app+blue+daily ui+dark+dark blur+digital+facebook+gold+ios+iphone+light+mobile+modal+music player+simple+smoke+social share+twitter+ui+yellow
4354475,app design+blue+ios+music+product design+profile+ui+ux+yellow
3517760,blue+design+exploration+gif+grid+ios+mobile+music+prototype+ui
5245258,app+app concept+blue+equalizer+green+music app+songs+ui ux
2801850,app+blue+charts+clean+ios+music+shadow+top+ui+ux
5538764,black+design+light+light blue+mobile+music+music player+music player app+ui+ux+white
3281064,app+avatar+blue+cross+design+mobile+music+musician+product+profile+ui+user
2898278,app+blue+design+lizhi+music+tuoniao+ui
2916108,app+blue+clean+design+gradation+idea+interface+music+simple+ui+ux
4380168,blue+chance+dailyui+ios+iphone+iphone8+music+music player+purple+that blue
3854962,album+app+blue+dark+design+interface+music+play+player+sound+ui+ux
5538758,black+blue+design+light+mobile+music+music app+music player+ui+ux+white
2166758,album+app+blue+design+folk+icon+mobile+music+music player+ui
3749923,android+app icon+app store+clean minimal+gradient+ios+music+pink blue purple white+practice+teacher+tenory+ui design
4555482,009+blue+dailyui+ios+music+music player+widget
1664347,apps+blue+claire paoletti+dyslexia+flat+focus+iphone+music+objective+timer+ui design+ux
4247016,application+blue+concept+dark+ios+music+player+ui+ux
6702353,animation+app+black and white+blue+calories+club+design+fitness+gps+interactive+motion+music+nike+prototype+run+running+shoes+timer+tracker+ui animation
5056529,blue+cover+flinto+ios+iphone+mobile+music+music app+player+sound+transition+ui
2491120,app+blue+challenge+daily+dj+gradient+interface+mobile+music+ui+web+zedd
4246969,app+blue+clean+daily challenge+daily ui+music+profile ui+sans+ui+ui challenge+ux
3808521,android+blue+download+downloader+movie+music+speed+ui+ux
2842910,ae+after effects+animation+blue+gif+ios app+loading songs list+mobile ux ui+motion+music+search
4900201,black+blue+daily ui challenge+dark+green+iphone+music player+now playing+playlist+ui+ux
5944993,app+blue+card+color+interface+label+music+ui+ux
5797673,app+blue+clean+design+icons+interface+ios+mobile+ui+ux
1249898,app+bar+blue+ios 10+menu+music+player+side+sidebar+transparent+ui
5753900,aloha+app+bar+blue+blur+browser+dark+design+download+free+interface+ios+mobile+music+player+private+ui+ux+video
5990079,album+app+appdesign+artist+blue+concept+design+modern+music+music app+navigation+play+search+search bar+songs+troye+ui+user experience+ux design+ux ui design
6064474,apps+beautiful+blue+color+design+download+file+green+gui+icon+illustrations+music+picture+simple+the gradient+typesetting+ui+ux+video+visual
1982324,blue+icon+ios+minimalist+music+play+player+ui+ux
2968615,blue+mobile design+music+shazam+ui+ux
3072998,album+app+berlin+blue+controls+design+ios+music+player+spotify+ui
4383164,app design+blue+gradient+ios+iphone+music+product design+ui+ux
678698,app+blue+buttons+controls+gray+ios+iphone+left nav+music+navigation+player+progress bar+ui
3170420,app+blue+music+ui
5198138,app+blue+design+ios+iphone+music+musicapp+simple+ui+ux
3712440,android+app+blue+google material+google material design+mobile+music+redesign
4185027,app+blue+design+music+purple+songs+ui+ux
2849464,app+application+blue+blur+design+interface+music+radio+ui+ux
5211640,app+blue+dark+design+ios+iphone+music+musicapp+simple+ui+ux
2880970,blue+button+color+mobile+music+player+radio+song+ui+ux+widget
5281657,009+app+ariana grande+blobs+blue+daily ui+daily ui 009+iphone x+itunes+music player+music player ui+waves
978456,animation+app+blue+buttons+cd+eyal+gif+iphone+israel+menu+mobile+music+orange+player+progress+purple+ui+ux+zuri
5259050,app+blue+design+flat+icon+ios+iphone+music+musicapp+purple+red+simple+ui
2658393,app+blue+design+music+now+playing+ui
3103615,005+app+app icon+blue+clean+dailyui+day 5+light+minimal+music app+©nealhampton+simple
2808305,app+blue+clean+ios+music+personalization+recommendation+shadow+ui+ux
3288157,app+black+blue+mobile+music+radio+ui+ux+web
5746652,adobe xd+app+blue+daily 100+daily challange+daily ui+daily ui 009+design+music player
5804267,009+app+blue+dailyui+dailyui 009+design+iphone+light on+maggie rogers+music+music player+player+red+screen+ui+ux
4101516,black+blue+color+iphone+music+play+player+red+shop+store+ui+white
6276036,app+black+blue+dailyui+dailyui009+design+figma+material design+mobile+music+music player+ui+ux+white
3817456,app+avatar+blue+button+design+green+icons+mobile+music+musician+profile+ui
4168039,adobexd+blue+iphone+mobile+music+player+ui
764014,app+audio+blue+cat+covers+dark+feed+light+music+play+player+playlist+social+sound+ui+users+volume+web
5308913,app+app concept+aqua+blue+bot+iphone+media player+meditation+music app+onboarding+peace+phone+progress+quote+relaxation+sofriendly+timeline+ui ux design+ux design+waves
1159931,app+blue+interface+mac os x+menu bar+metronome+music+ui
3206051,android+app+blue+design+fashion+gradient+interface+ios+login+mobile+ui+ux
883849,bar+blue+circle+clean+contact form+dark+fields+filter+info+interface+ios+kit+login+modern+music+new+popup+profile+search+sharp+shopping cart+sign in+slider+store+style+ui+ux+web
5195248,app+blue+dark+design+ios+iphone+lyrics+music+musicapp+simple+ui+ux
3622167,app+blue+clean+design+flat+fluent+modern+music+player+shuffle+ui+windows
6575978,app design+blue+creative+design+development+gradient+ios+music+music app+musician+music player+pink+purple+ui design+ui ux
1234044,app+blue+interface+kit+mac+music+playlist+radio+ui+user+ux+widget
6786282,app+bazzi+blue+design+flat+minimal+somebody+ui+ux
2153528,apple+blue+controls+dark+design+flat+ios+mode+music+ui+watch+yellow
736989,app+blue+dark+designermx+dropdown+mac+music+player+rdio+slider+ui
2677853,app+batman+blue+clean+concept+dailyui+design+music+red+superman+ui+ux
1895664,app+blue+blur+ios+iphone+modern+music+player+rdio+sound+ui+ux
669939,app+arrow+background+blue+checkbox+check mark+close+dark+desltop+dollar+email+form+futton+green+icon+input+link+music+orane+osx+payment+paypal+price+radio+settings+ui+ux
637042,application+blue+iphone+music+player+ui
5286251,2d+animation+blue+dailyui+dark+design+interaction design+minimalistic+mobile+ui+ui design
4971827,about+adobexd+album+app+band+blue+dark+design+dribbble+minimalist+modern+music+ui+ux+web
3531503,blue+dark+event+iphone+music+tickets+ui+yellow
2789596,app+blue+clean+design+flat+ios+music+music player+simple+ui+ux
881134,app+blue+clean+itunes+minimal+music+player+ui+white
3810185,app+black+blue+clean+color+dark+design+interface+ios+iphone+ui+ux
6568120,app+blue+clean+color+dailyui+design+inspiration+minimal+music app+music player+practice+purple+sleep+song+square+ui+uidesign+ux+uxdesign
524831,app+audio+blue+grey+interface+ios+ipad+music+playlist+ui+white
1573611,blue+clear+free+freebie+ios+simplicity+ui+ux+violet
589100,album+app+bar+blue+bright+clean+helvetica+ios+iphone+login+mobile+music+neue+orange+search+tab+ui+your
3599379,app+blue+interaction+mobile+music player+play+ui
1181774,app+blue+buttons+dribbble+icon+ios+light+music+new+shot+ui
6837697,app+app design+blue+bruce springsteen+music+music app+music player+ui+ui design
2746960,app+blue+design+ios+iphone+music+streaming+ui+ux
2581738,blue+ios+list+music+qiuplay+track+ui
2160327,album+apps+blue+design+dj+dubstep+interface+music+music player+ui+ux
1904250,app+blue+interaction design+ios+music+purple+ui
472801,app+blue+button+color+game+gray+green+grey+iphone+music+notes+piano+player+slider+songs+ui+yellow
4266194,app+blue+mobile+music+orange+player+product+screen+streaming+ui+ux
3002096,app+blue+clean+concert+crowd+minimal+mobile app+modern+music+pink+request+ui
6408622,app+black and blue+dailyui+design+fury+music player+music player ui+sick puppies+ui+user interface
472721,app+blue+button+color+game+gray+green+grey+iphone+music+notes+piano+player+slider+songs+ui+yellow
142996,android+blue+controls+gray+music+tablet+ui
729531,app+application+black+blue+dark+music+player+playlist+texture+ui
6876249,app+app design+blue+clean ui+colors+curated for you+daily challange+dailyui+daily ui+design+gradient+graphic design+graphics+india+mumbai+music app+typography+ui+uiux+ux
702677,app+apple+blue+ios+iphone+music+playback+search+ui
6692182,blue+boss+earphones+experimental design+head phone+headset+interaction design+jbl+mobile app+mobile app design+mobile ui+music app+music player+online app+online shopping+sony+user experience+user experience design+userinterface+ux
773860,alert+app+belgium+blue+breadcrumbs+community+dashboard+ios+music+nav+notification+panel+social+ui+user
1380282,app+dark blue+flat+icons+library+media+mobile+music+tv+ui
3489786,app+black+blue+chart+dashboard+digital+mobile+stats+tabs+ui+ux
2386036,app+application+blue+concept+glow+green+music+song+ui
818662,app+audio+blue+clean+light+music+ui
123420,airtweet+app+blue+design+iphone+music+noise+twitter+ui
5215860,app+black+blue+design+gold+ios+iphone+music+musicapp+orange+simple+ui+ux
735069,app+bar+blue+element+iphone+music+slider+tab+ui+user interface+ux+volume
1066697,blue+buttons+flat+flat style+flat ui+gradient+interaction+interface+ipad+ipad app+music+music app+music ui+pause+play+play button+purple+ui
5194840,app+blue+design+ios+iphone+music+musicapp+simple+ui
2290303,app+blue+flat+minimal+music+player+seeer+simple+ui+user interface+white
1138638,alphabet+browse+find+interface+ios+ios7+music+numbers+numeric+purple+ui+user interface
1997676,app+black+blue+clean+color+concept+dark+design+flat+music+ui+ux
1188149,android+app+blue+design+flat+google+gray+mobile+music+ui
54974,app+beige+blue+green+iphone+music+ui
600095,app+black+blue+grey+interface+ios+iphone+mic+microphone+music+red+sing+ui+user interface+ux
669152,albums+app+blue+clean+dark+interface+music+simple+ui+window
768713,belgium+blue+education+frame+ios+learning+lessons+music+news+proxima nova+ui+white
548467,app+blue+button+cd+cover+download+facebook+grey+music+play+preview+purple+red+rubbik+share+single+store+top+twitter+ui
6489894,app+blue+dark+ios+iphone+music+ui
5804365,app+blue+colorful+daily 100+daily 100 challenge+daily ui+daily ui 009+design+gradient+music player+newbie+purple+ui
620163,app+app design+blue+chat+dexter+friends+friends list+ios+iphone+iphone app+iphone design+music+songs+ui+user experience+user interface+ux
680091,albums+app+application+artists+black+blue+clean+covers+dark+design+grey+music+music player+simple+ui. interface+ux+window
693357,app+blue+free+iphone+music+psd+resource+ui+user interface
383303,app+blue+layout+music+music player+orange+ui+web
620152,app+app design+blue+chat+dexter+friends+friends list+ios+iphone+iphone app+iphone design+music+songs+ui+user experience+user interface+ux
464508,app+blue+cloud+cover+dashboard+music+radio+teal+ui+web+wood
1876118,app+blue+equalizer+interface+layout+media+music+play+player+ui+ux
911483,black+blue+buttons+iphone+music+navigation+texture+ui+ux+white
308179,blue+design+icon+iphone+menu+music+play+ui
574729,app+blue+button+cd+cover+download+facebook+footer+grey+music+play+player+preview+purple+red+rubbik+share+single+store+top+twitter+ui
569191,app+blue+button+cd+cover+download+facebook+grey+music+play+preview+purple+red+rubbik+share+single+store+top+twitter+ui
669423,app+blue+game+iphone+music+ui+user interface
6137611,100days+app+blue+design+player+ui+ux
4639607,blue+button+flat+magenta+mobile+music+play+shadow+ui+ux
6137586,100days+app+blue+design+player+ui+ux
6137594,100days+app+blue+design+player+ui+ux
6582324,app+blue+design+music+music player+ui
6584816,app+apple+blue+dark+design+flat+ios+iphone+music+musicapp+simple+ui+ux
6550630,album+app+application+art+blue+clean+color+daily+dailyui+design+music+music player+search+settings+ui+uidesign
6612836,app+audio+audio player+blue+invision studio+music app+music player+nipsey hussle+ui+vinyl record
6720007,animation+app+billie eilish+blue+dark+dark app+dark mode+dark ui+design+music+music app+music art+musician+music player+orange+ui+uidesign+ui elements+uiux+ux
5757359,app+app concept+blue+design+music+ui+ux
