6579816,after effects ae motion+animation+basket bag+checkout purchase buy add item+ecommerce shop e-commerce store+line icons+material ui ux+mobile+mobile app iphone nike+product design+pull down shopping cart+purchase interaction+sketch+white green clean style,https://cdn.dribbble.com/users/208876/screenshots/6579816/shot.png
6482066,app+backpacks+cart+checkout+clothing+color+ecommerce+fashion+ios+iphone+iphone x+minimal+mobile+product design+sketch+ui+ux,https://cdn.dribbble.com/users/929812/screenshots/6482066/backpacks_mobile.jpg
6569819,app design+checkout+food app+food application design+food delivery app+food-homescreen+ios+iphone+mobile app design+my order+online food service+ui ux,https://cdn.dribbble.com/users/1472952/screenshots/6569819/food_application_design.jpg
6603259,appointment+booking+booking app+calendar+checkout+clients+editor+iphone+mobile app+mobile app design+notes+product design+salon app+social accounts,https://cdn.dribbble.com/users/692322/screenshots/6603259/salon_app.png
4560454,carousel app ios iphone+checkout pay card+design photo photography+ecommerce e-commerce+fashion experience interior+flat gradient shadow minimal+grid typography+purchase cart+shop store eshop+ux ui interaction+white clean light,https://cdn.dribbble.com/users/664866/screenshots/4560454/main.png
3322906,basket bag+checkout purchase buy add item+ecommerce shop+e-commerce store+gif animation+line icons+material ui ux+mobile app iphone+nike shoes clothing+pull down+shopping cart+white orange clean style,https://cdn.dribbble.com/users/208876/screenshots/3322906/e-commerce-app.gif
3305459,animation principle prototype+carousel app ios iphone+checkout pay card+design photo photography+ecommerce e-commerce+fashion experience interior+flat gradient shadow minimal+purchase cart spinner+shop store eshop+white clean light loader,https://cdn.dribbble.com/users/664866/screenshots/3305459/butter_proto.gif
3919542,add+app+buy+cart+checkout+ecommerce+iphone+item+mobile+purchase+shopping,https://cdn.dribbble.com/users/1662966/screenshots/3919542/__.png
6618323,android+app+card+checkout+clean+dailyui+e-commerce+flatui+gradient+ios+iphone+iphonex+layout+mobile app+payment+typography+ui+uiux+ux,https://cdn.dribbble.com/users/1959326/screenshots/6618323/presentation.png
5735432,app+card+checkout+cheerios+delivery+food+fruits+groceries+iphone+mobile+simple+vegetables,https://cdn.dribbble.com/users/1343667/screenshots/5735432/dribbble_presentation.jpg
5285317,app+blog+cart+checkout+clothing+ecommerce+fall+fashion+ios+iphone x+minimal+mobile+sketch+ui+ux+womens,https://cdn.dribbble.com/users/929812/screenshots/5285317/fall_fashion_mobile.jpg
5201079,app+books+branding+buy+checkout+colors+ecommerce+illustration+interface+ios+iphone+iphonex+mobile+shop design+sketch+ui+ux,https://cdn.dribbble.com/users/121630/screenshots/5201079/shop_books_under_design_store_add_to_cart_and_quick_buy_1x.png
5321328,app+books+branding+checkout+design+ecommerce+education+interface+ios+iphone+iphonex+payment+shop+sketch+ui+ux,https://cdn.dribbble.com/users/121630/screenshots/5321328/buy_books_-_checkout_to_payment_page_1x.png
3886793,add+app+buy+cart+checkout+ecommerce+iphone+item+mobile+purchase+shopping,https://cdn.dribbble.com/users/1662966/screenshots/3886793/1.png
5304193,app+books+branding+buy+checkout+colors+design+ecommerce+education+icon+interface+ios+iphone+iphonex+payment+shopping+sketch+ui+ux,https://cdn.dribbble.com/users/121630/screenshots/5304193/ux_books_-_quick_buy_-_my_shopping_cart_screens_1x.png
6330744,app+chart+checkout+clean+design+e-commerce+ios+ios11+iphone+iphone x+market+marketplace+mobile+payment+shop+store+ui+ui kit+ux,https://cdn.dribbble.com/users/1987152/screenshots/6330744/3.png
5129868,app+books+branding+buy+cart+checkout+colors+ecommerce+flat+interface+ios+iphone+iphonex+product+sketch+ui+ux+vector,https://cdn.dribbble.com/users/121630/screenshots/5129868/shop_books_under_design_store_1x.png
4562418,adidas+cart+checkout+clay+ecommerce+fashion+iphone x+mobile+shoes+shopping+sketch+sports,https://cdn.dribbble.com/users/929812/screenshots/4562418/ecommerce_mobile.jpg
3815627,add+app+buy+cart+checkout+ecommerce+iphone+item+mobile+purchase+shopping,https://cdn.dribbble.com/users/1662966/screenshots/3815627/9_22____.png
3874912,add+app+buy+cart+checkout+ecommerce+iphone+item+mobile+purchase+shopping,https://cdn.dribbble.com/users/1662966/screenshots/3874912/9_10____-___.png
3903170,add+app+buy+cart+checkout+ecommerce+iphone+item+mobile+purchase+shopping,https://cdn.dribbble.com/users/1662966/screenshots/3903170/9_29_____-__.png
3827597,add+app+buy+cart+checkout+ecommerce+iphone+item+mobile+purchase+shopping,https://cdn.dribbble.com/users/1662966/screenshots/3827597/9_29_____-__.png
6540182,animation+app+apple+application+checkout+concept+ecommerce+interaction+interface+ios+iphone+menu+mobile+shoe app+shoes+shopping+sneaker+sneakers+sneakers app+ui,https://cdn.dribbble.com/users/2282987/screenshots/6540182/sneaker-app-concept-2.png
6583527,checkout+checkout form+checkout page+design+ios+iphone+mobile+mobile app+photoshop+sketch+ui+ui design+ui designer+ux ui+web+web desgin,https://cdn.dribbble.com/users/3295335/screenshots/6583527/checkoutdribb.jpg
3890322,add+app+buy+cart+checkout+ecommerce+iphone+item+mobile+purchase+shopping,https://cdn.dribbble.com/users/1662966/screenshots/3890322/9_24____-___.png
5728637,card checkout+daily+design+figma+iphone+ui+web,https://cdn.dribbble.com/users/2682753/screenshots/5728637/frame.png
4960692,002+card+credit-card+credit card checkout+dailyui+form+iphone+mobile-design+ui+ui-design+ux,https://cdn.dribbble.com/users/1246450/screenshots/4960692/iphone_x.png
6601353,adobe+adobe xd+animated+animation+app+auto animate+checkout+delivery+design+firstshot+food+illustrator+ios+iphone+iphonex+maps+orange+ui+uiux+ux,https://cdn.dribbble.com/users/2150198/screenshots/6601353/ezgif.com-video-to-gif__1_.gif
3278384,after effects+checkout+credit card+gif+ios+iphone+money+order+progress bar,https://cdn.dribbble.com/users/70521/screenshots/3278384/dribbbble.gif
3321645,android delivery+animation web+dashboard interaction+flat page+gif card+invite order+ios iphone+material design+navigation menu+shipping package+store ecommerce+ux ui checkout,https://cdn.dribbble.com/users/1323931/screenshots/3321645/shipping_app.png
4614950,blackwhite+cart+checkout+ecommerce+fashion+iphone+retail+scrolling+shoe+shop+sketch,https://cdn.dribbble.com/users/929812/screenshots/4614950/b_w_mobile_retail_concept.jpg
4711399,app+card+cart+dark+design+gradient+ios+iphone+item+post+profile,https://cdn.dribbble.com/users/282234/screenshots/4711399/dribbble.png
3285981,carousel app ios iphone+checkout pay card+design photo photography+ecommerce e-commerce+fashion experience interior+flat gradient shadow minimal+grid typography+purchase cart+shop store eshop+ux ui interaction+white clean light,https://cdn.dribbble.com/users/664866/screenshots/3285981/butter.png
5099916,checkout+crypto+cryptocurrency+iphone+mobile+pay+ui+ux,https://cdn.dribbble.com/users/45895/screenshots/5099916/paybear-pay.png
3796027,add+app+buy+cart+checkout+ecommerce+iphone+item+mobile+purchase+shopping,https://cdn.dribbble.com/users/1662966/screenshots/3796027/9_10____-___.png
3823697,add+app+buy+cart+checkout+ecommerce+iphone+item+mobile+purchase+shopping,https://cdn.dribbble.com/users/1662966/screenshots/3823697/9_24____-___.png
5399310,checkout+credit card+credit card checkout+daily 100 challenge+daily ui 002+iphone x+shopping basket+slide to pay+ux,https://cdn.dribbble.com/users/1503082/screenshots/5399310/002_daily_ui.png
6505753,app+apple+application ui+checkout+concept+ecommerce+interface+ios+iphone+menu+mobile+nike+shoes+sneaker+sneakers+sneakers app+store+typogaphy+ui+ux,https://cdn.dribbble.com/users/2282987/screenshots/6505753/dribbble_800x600.png
5483644,002+card+checkout+dailyui+dailyui002+design+dribbble+form+iphone+ui+ux+violet+web,https://cdn.dribbble.com/users/2098784/screenshots/5483644/_002.png
3839878,add+app+buy+cart+checkout+ecommerce+iphone+item+mobile+purchase+shopping,https://cdn.dribbble.com/users/1662966/screenshots/3839878/__.png
6215407,checkout+credit card+design+edit+flow+food+frequency+ios+iphone x+shipment+ui+ux+web,https://cdn.dribbble.com/users/183279/screenshots/6215407/portada.png
5865363,add to cart+app+branding+buy+checkout+flat design+gradient+icon+identity+illustration+iphone+landing page+onboarding+playstation 4+sign in+sign up+ui+ux+vector+web,https://cdn.dribbble.com/users/2761604/screenshots/5865363/ecommerce_ps4_ui_artboard_19.jpg
5500745,app+clean+concept+design+ecommerce+ecommerce app+flat+interface+ios+iphone+iphone x+layout+minimal+mobile+typography+ui+user interface+ux+vector+web,https://cdn.dribbble.com/users/1046847/screenshots/5500745/dribbble_1_2x.png
4044853,animation+app+card+checkout+dailyui+interaction+iphone+mobile+pay+payment+ui design+ux design,https://cdn.dribbble.com/users/1424699/screenshots/4044853/ezgif.com-video-to-gif__1_.gif
3988422,app+buy+cart+checkout+design+ecommerce+interaction+iphone+iphone x+shopping+ui+ux,https://cdn.dribbble.com/users/29348/screenshots/3988422/small_d.jpg
3268878,aftereffects+applepay+deal+gif+ios+iphone+moda+money+popup+promocode,https://cdn.dribbble.com/users/70521/screenshots/3268878/ezgif.com-optimize.gif
5738522,app+brand+card+checkout+design+icon+ios+iphone+mobile+mobile app+simple+transportation+ui ux+ux,https://cdn.dribbble.com/users/2474566/screenshots/5738522/untitled-1.png
6043712,app+checkout+ecommerce+form+ios+iphone+iphone x+iphone xs+minimal+minimalist+mobile app+payment+simple+ui+ux,https://cdn.dribbble.com/users/2780/screenshots/6043712/shot.jpg
3471199,android homepage+animation web+dashboard interaction+food card+invite order+ios iphone+landing page+material design+navigation menu+recipe restaurant+store ecommerce+ux ui checkout,https://cdn.dribbble.com/users/1323931/screenshots/3471199/foodfans.png
4807754,animation+app+card+checkout+delivery+gif+iphone+mentalstack+pay+payment+ui+ux,https://cdn.dribbble.com/users/2245317/screenshots/4807754/dribbble.gif
3671099,add+app+buy+cart+checkout+ecommerce+iphone+item+mobile+nike+purchase+shopping,https://cdn.dribbble.com/users/1257941/screenshots/3671099/ecommerce__1.0.png
4922083,booking+checkout+ecommerce+fitness+gym+iphone x+marketplace+mobile app+ui+ux+wellness,https://cdn.dribbble.com/users/34779/screenshots/4922083/rig_checkout_2x.gif
3674780,add+app+buy+cart+checkout+ecommerce+edit+iphone+item+mobile+nike+purchase,https://cdn.dribbble.com/users/1257941/screenshots/3674780/ecommerce__2.1_1x.png
3477056,app+checkout+ecommerce+food truck+ice cream+iphone+minimal+mobile+sign-in+sketch+ui+ux,https://cdn.dribbble.com/users/929812/screenshots/3477056/ice_cream_truck_dribbble_shot.png
5608987,card+checkout+credit card+daily+dailyui+daily ui+daily ui 2+iphone xs+payment+user interface,https://cdn.dribbble.com/users/2264713/screenshots/5608987/dribbble.png
4336396,app+checkout+ios+iphone+iphonex+mobile+subscription+ui+ux,https://cdn.dribbble.com/users/109596/screenshots/4336396/checkout-dribbble.jpg
5300907,app+credit card+credit card checkout+credit card form+credit card payment+dailyui+dailyui002+design+ios+ios12+iphone+mobile design+ui+uidesign+user experience+user interface+uxdesign,https://cdn.dribbble.com/users/155264/screenshots/5300907/credit_card_checkout.png
4423623,app+challenge+checkout+credit card+ios+iphone+payment+touchid+ui+ui challenge+visa,https://cdn.dribbble.com/users/1747067/screenshots/4423623/checkout.jpg
4106999,app+checkout+credit card+dailyui+iphone+ui+ux,https://cdn.dribbble.com/users/742799/screenshots/4106999/002dailyui.png
6515485,app+checkout+clean+e-commerce+iphonex+marketplace+minimal+mockups+track shipment+ui+ux,https://cdn.dribbble.com/users/385565/screenshots/6515485/lootscoot_1.jpg
4192941,cart+checkout+delivery+ecommerce+ios+iphone x+laundry+location+map+mobile+on-demand+service,https://cdn.dribbble.com/users/481951/screenshots/4192941/800x600.jpg
5677112,application+booking+booking app+bottom sheet+checkout+credit card+design+flight+flight booking+fly+iphone x+material design+pay+payment+payment method+reservation+sky+ticket+ui+ux,https://cdn.dribbble.com/users/1597633/screenshots/5677112/flight_app.png
4044218,app+check out+clean+daily ui+ios+iphone+iphone x+minimalistic+mobile+ui+ux,https://cdn.dribbble.com/users/362652/screenshots/4044218/002_ui_card_checkout_small.png
4408247,002+checkout+clean+credit card+dailyui+design+iphone x+modern+sketch+ui+ux+visa,https://cdn.dribbble.com/users/2211056/screenshots/4408247/daily_ui-01.png
2243589,bag+checkout+e-commerce+food+iphone+mobile+shop+shopping cart+store+ui+ux+webdesign,https://cdn.dribbble.com/users/195330/screenshots/2243589/foodly-bag-with-pattern.png
5605463,app+checkout+credit card+dailyui+dailyui 002+dailyui challenge+iphone x+payment+red+typography+ui+ux,https://cdn.dribbble.com/users/1554497/screenshots/5605463/shot.jpg
3983856,card+checkout+coffee+credit+daily+iphone+ui,https://cdn.dribbble.com/users/1953195/screenshots/3983856/002.png
2510930,app design+ecommerce+ios+iphone+mobile+sketch+template,https://cdn.dribbble.com/users/691948/screenshots/2510930/checkout.jpg
4844603,blue+card+checkout+clay+clean+daily ui challenge+iphone+mobile+product+ui+ux+white+wine,https://cdn.dribbble.com/users/1539540/screenshots/4844603/dribble_shot.png
3580432,booking+calendar+checkout+clay+date+headout+iphone+month+selection+travel+week,https://cdn.dribbble.com/users/449429/screenshots/3580432/select_a_date_dribbble_shot.png
3509102,app+design+flat+interface+iphone+journal+minimal+photography+type+typography+ui+ux,https://cdn.dribbble.com/users/153246/screenshots/3509102/zozi-2_copy.jpg
5960160,app+apps+bags+black+card+checkout+design+e-commerce+green+interface+iphone+mobile+product+ui+ux,https://cdn.dribbble.com/users/1468521/screenshots/5960160/dribbble.png
5300262,checkout+free freebies+icons+ios app+iphone x size+items+order details+products+psd photoshop+quantity+status+ui ux,https://cdn.dribbble.com/users/163863/screenshots/5300262/800x600-px.png
6904985,002+app+checkout+checkout page+creditcard+dailyui+dailyui002+design+digital+iphone+purchase+ui+ux,https://cdn.dribbble.com/users/2115273/screenshots/6904985/002_post.png
3932101,basket+buy+checkout+clean+clean style+clothing+ecommerce+iphone+responsive+shop+ui+ux,https://cdn.dribbble.com/users/917599/screenshots/3932101/am-checkout-dribbble.jpg
4851884,animation+blue+checkout+clay+clean+daily ui challenge+interaction+iphone+motion+ui+ux+white+wine,https://cdn.dribbble.com/users/1539540/screenshots/4851884/product-card-anim.gif
5820728,animal+app+checkout+credit card+dog+ecommerce+form+gradient+iphone+item description+list+pastel+payment+pet+retail+shopping cart+ui,https://cdn.dribbble.com/users/1764080/screenshots/5820728/daily-ui-2-dribbble.jpg
5932793,002+app+branding+card checkout+challenge+credit card+credit cards+daily ui+daily ui 002+design+flat+gradient+ios+iphone+minimal+nike+paiement+payement+sketch+ui,https://cdn.dribbble.com/users/1664150/screenshots/5932793/daily-ui-002.png
4780642,buy+checkout+design+interface+iphone+product+shop+ui,https://cdn.dribbble.com/users/1204640/screenshots/4780642/product_int.png
3574262,app+business+ecommerce+fingerprint+flat+ios+iphone+mobile+shopping+ui+ux+white,https://cdn.dribbble.com/users/1507927/screenshots/3574262/dribbble_mockup.png
5083322,002+dailyui+dailyui 002+design+design app+iphone+iphonex+iphonexdesign+sketch+ui+ui ux+ux,https://cdn.dribbble.com/users/2245289/screenshots/5083322/002.png
4076902,app+cash+checkout+fashion+finance+flat+iphone x+list+menu+mobile+profile+tags,https://cdn.dribbble.com/users/649549/screenshots/4076902/fashion-_-finance.png
2537129,android+browser+checkout+device+iphone+minimal+paypal+screens+ui,https://cdn.dribbble.com/users/60779/screenshots/2537129/dribbble_devices.png
5473338,checkout+details+iphone x+parking+parking app+product design+spothero+ui+ux,https://cdn.dribbble.com/users/354150/screenshots/5473338/dribbble_post_-_monthly_spot_details.jpg
4847210,app+card+credit+dailyui+interface+iphone+payment+ui+ux+visual,https://cdn.dribbble.com/users/239212/screenshots/4847210/dribbble.png
6701529,adobexd+card+checkout+dailyui+hifidelity+iphone+ui+userexperience+userinterface+ux,https://cdn.dribbble.com/users/642452/screenshots/6701529/untitled-1.jpg
3028539,card+challenge+checkout+credit+gradient+inspiration+iphone+mobile+sketch+ui,https://cdn.dribbble.com/users/819783/screenshots/3028539/creadit_crad_checkout.png
3982556,e-commerce+fashion+geox+interaction+iphone+iphonex+minimal+mobile+ui+ux+visual,https://cdn.dribbble.com/users/1761255/screenshots/3982556/1geox.png
4927735,basket+checkout+clean+design+grocery+illustration+ios+iphone+minimal+shopping+ui+ux,https://cdn.dribbble.com/users/59861/screenshots/4927735/artboard.png
4388785,android+checkout+clean+daily ui+form+ios+iphone+iphonex+minimal+ui+ux,https://cdn.dribbble.com/users/1006229/screenshots/4388785/final_checkout_ui_-_daily_ui.jpg
4334405,002+card+dailyui+design+interaction+interface+iphone+product+shopping+ui+ux,https://cdn.dribbble.com/users/1454710/screenshots/4334405/credit-card-checkout.png
4281461,animation+app+cards+cart+checkout+dailyui+furniture+iphone x+principle+product+toiletpaper+ui,https://cdn.dribbble.com/users/2120219/screenshots/4281461/ezgif.com-optimize.gif
2913855,checkout+details+ecommerce+ios+ipad+iphone+mobile+product+shop+store+ui+ux,https://cdn.dribbble.com/users/2780/screenshots/2913855/dribbble_preview.jpg
4682411,app+checkout+feature+freemium+ios+iphone+mobile+premium+pro+unlock+upgrade,https://cdn.dribbble.com/users/1193189/screenshots/4682411/upgrade_screen.png
1949117,cashout+checkout+confetti+esellio+flat illustration+fluid+hand+illustration+iphone+mobile+sold+sold illustration,https://cdn.dribbble.com/users/146798/screenshots/1949117/sold.png
5762074,credit card+credit card checkout+dailyui+dailyui 002+design+gradient+ios+iphone+uiux,https://cdn.dribbble.com/users/2665621/screenshots/5762074/iphone-x-mockup.jpg
4602822,card+credit-card+daily-ui+interaction+iphone-x+ixd+makeup+pay+payment+ui,https://cdn.dribbble.com/users/1561217/screenshots/4602822/sin-ti_tulo-2.gif
4956185,checkout+clothing+iphone+items+merch+sizing+table,https://cdn.dribbble.com/users/45895/screenshots/4956185/order-checkout.png
6025504,checkout page+credit card+credit card checkout+daily+daily 100+daily 100 challenge+daily ui+daily ui 002+design+figma+interface+iphone x+mobile+ui+ux,https://cdn.dribbble.com/users/846342/screenshots/6025504/iphone_x.png
4080746,checkout+credit card+dailyui+day2+ecommerce+form+iphone+mobile,https://cdn.dribbble.com/users/1641846/screenshots/4080746/002.png
6370511,adobe xd+credit card checkout form+iphone x+mobile ui+web ui,https://cdn.dribbble.com/users/2909854/screenshots/6370511/shot.png
4522327,app+checkout+clothing+dailyui+ecommerce+fashion+interface+ios+iphone x+screen+shop+ui,https://cdn.dribbble.com/users/150149/screenshots/4522327/dailyui012.png
1505459,checkout+finance+icons+ios 7+iphone+login+ui,https://cdn.dribbble.com/users/260785/screenshots/1505459/meh2x.png
3275790,app+card+challenge+checkout+credit+daily+dailyui+iphone+payment+ui+ux,https://cdn.dribbble.com/users/124095/screenshots/3275790/dailyui002shot.png
4936306,app+blue+dailyui+design+ios+iphone+minimal+mobile+sketch+ui+ux,https://cdn.dribbble.com/users/1587305/screenshots/4936306/nina_przybylowska_dailyui_002_credit_card_800_600.png
1907184,armani+checkout+ecommerce+famous brands+fashion+fashion application+ios application+iphone 6+iphone app+my cart,https://cdn.dribbble.com/users/380831/screenshots/1907184/fashion-app-armani-checkout-dribbble.png
3949932,app+checkout+daily+daily 100+daily ui+interface+iphone+mobile+nike+shopping+ui+ux,https://cdn.dribbble.com/users/485207/screenshots/3949932/shoppingcart.jpg
3130665,app+bank+ecommerce+ios+iphone+mobile+money+payment+ui+wallet,https://cdn.dribbble.com/users/1341946/screenshots/3130665/wallet_concept.jpg
6201087,app+apple+checkout+clean+concept+design+divante+ecommerce+ecommerce design+ios+iphone+product+progressive web app+pwa+save+ui+white,https://cdn.dribbble.com/users/2474567/screenshots/6201087/18.03._div_aja_save_checkout_for_later_reserved.jpg
3611300,checkout+e-commerce+iphone+mobile+screen+summary,https://cdn.dribbble.com/users/158187/screenshots/3611300/shot_64.png
5341137,adobexd+cards+dailyui+gradient+ios+iphone+ui+ux,https://cdn.dribbble.com/users/2542719/screenshots/5341137/custom_size___1.jpg
4249485,checkout+checkout screen+dailyui+daily ui+iphone design+user interface,https://cdn.dribbble.com/users/1315343/screenshots/4249485/002_credit_card_checkout_small.png
5083274,credit card checkout+dailui+dailyui+dailyui 002+design+designapp+framer+gif+iphone+iphonedesign+mobile+sketch+sketch app+uigif+ui ux+ux,https://cdn.dribbble.com/users/2245289/screenshots/5083274/ui002.gif
3985927,checkout+credit card+daily ui+ecommerce+iphone x+mobile+ui,https://cdn.dribbble.com/users/348769/screenshots/3985927/dailyui_2_dribbble.jpg
4861592,apple pay+bank+dailyui+design+flat+form+ios+iphone+minimalist+monzo+ui+ux,https://cdn.dribbble.com/users/660762/screenshots/4861592/checkout_form_ui.jpg
4936640,app+burger+checkout+game+iphone+motion+tracking,https://cdn.dribbble.com/users/1764296/screenshots/4936640/dlivr-game.gif
6870532,checkout+ecom+e-comm+ios+iphone+luxury+native+payment+store+ui+uikit+ux,https://cdn.dribbble.com/users/59604/screenshots/6870532/checkout-e-comm-ios-ui-kit-set-3-244ebcf2-03be-450c-993b-003822f9d074-239715.jpg
6427813,credit+credit card+credit card design+credit card form+credit card payment+green+iphone+mobile+payment app+ui+ui ux,https://cdn.dribbble.com/users/1432769/screenshots/6427813/day-2-ui_3.gif
5575943,app+bags+checkout+design+e-commerce app+ecommerce app+ios+iphone+online store+products+shopping+shopping bags+ui+uidesign+ui ux+uiuxdesign+women+women fashion,https://cdn.dribbble.com/users/2530605/screenshots/5575943/add-bg.png
4861684,credit card+daily ui+debit+iphone x+payment+ui+ux,https://cdn.dribbble.com/users/714519/screenshots/4861684/daily_ui_002_credit_card_phone.jpg
1718995,app+badge+checkout+clean+design+ios8+iphone+list+popup+profile+ui+ux,https://cdn.dribbble.com/users/95883/screenshots/1718995/checkout_popup.png
4375639,002+checkout+dailyui+design+ios+iphone+mobile+ui,https://cdn.dribbble.com/users/2037262/screenshots/4375639/final.gif
2294630,card+checkout+credit+dailyui+ios+iphone,https://cdn.dribbble.com/users/18610/screenshots/2294630/02-vitan-co-checkout-small.png
3966882,app+booking+checkout+confirm+daily+dailyui+iphone x+mobile+movie+thor+ticket+ui,https://cdn.dribbble.com/users/485207/screenshots/3966882/thoriphone.png
1526571,checkout+credit card+finance+ios 7+iphone+minimal+money+thin icons+ui+whitney,https://cdn.dribbble.com/users/260785/screenshots/1526571/2x.png
5425991,checkout+copenhagen+credit card+dailyui+dailyui 002+debit card+denmark+iphone+payment+payment form+ticket+transport+ui+ux,https://cdn.dribbble.com/users/127989/screenshots/5425991/daily_ui__002.png
3129664,app+bank+ecommerce+ios+iphone+mobile+money+payment+ui+wallet,https://cdn.dribbble.com/users/1341946/screenshots/3129664/wallet_concept.png
4218648,challenge+checkout+dailyui+iphone+mobile+payment+ui+user experience+user interface+ux,https://cdn.dribbble.com/users/1143502/screenshots/4218648/checkout_shot.png
3720680,ball+flip flops+iphone+michael mazourek+mikemazoo+mike mazoo+pool+sandals+tube+umbrella+water,https://cdn.dribbble.com/users/1213041/screenshots/3720680/mr_late-checkout_pool_gif_dribbble.gif
5745181,app+art+checkout+color+design+iphone x+payment+ui,https://cdn.dribbble.com/users/2057806/screenshots/5745181/__.jpg
4014775,002+apple+bank+card+checkout+credit+dailyui+iphone+iphonex+purchase+store,https://cdn.dribbble.com/users/1975053/screenshots/4014775/002.jpg
3373546,android delivery+animation web+dashboard interaction+food card+invite order+ios iphone+material design+navigation menu+recipe restaurant+store ecommerce+ux ui checkout+video page,https://cdn.dribbble.com/users/1323931/screenshots/3373546/cookfans__1x.png
5576817,card+iphone 10+mobile+mobile app+ui,https://cdn.dribbble.com/users/391584/screenshots/5576817/daily-ui-002-payment.png
4258813,002+app+checkout+cinema+credit card+dailyui+ios+iphone x+qr+ticket+wallet,https://cdn.dribbble.com/users/548030/screenshots/4258813/dailyui-002.jpg
6047609,android app design+app branding+app design+brand+branding+compnay+design+iphone app design+logo+minimal+typography+ui+ui 100+uidaily+ui dashboard+uideesign+ui designer mumbai+ui pack+uiux+ui ux design,https://cdn.dribbble.com/users/2565999/screenshots/6047609/untitled-1.png
3111848,alcohol+beer+checkout+delivery+drinks+iphone+pubs+wine,https://cdn.dribbble.com/users/1329647/screenshots/3111848/dribbble_pub.png
5309286,branding design+concept+design+graphic design+ui+ui design+ux+web design,https://cdn.dribbble.com/users/2049529/screenshots/5309286/apple-iphone-xr-l-checkout-layout-ui-design-by-mayank-chauhan.png
3516893,app+challenge+checkout+daily+dailyui+flat+ios+iphone+payment+spotify+ui+ux,https://cdn.dribbble.com/users/8558/screenshots/3516893/dribbble.png
5899406,app+checkout page+clean+e commerce+illustration+interaction+iphone+minimalist design+nigeria+shoes+success+ui,https://cdn.dribbble.com/users/3052919/screenshots/5899406/check_out_page.jpg
3634516,animation+blue+iphone+marriott rewards+mazoo+michael mazourek+mike mazoo+mountains+phone+ski+vacation+winter,https://cdn.dribbble.com/users/1213041/screenshots/3634516/1702021_marriott_late-checkout_ski-winter_final.gif
2960964,checkout+credit card+daily ui+design+florida+harbrco+iphone+red+supreme+tampa+ui+ux,https://cdn.dribbble.com/users/277276/screenshots/2960964/supreme_dream.jpg
6863928,app+checkout+delivery+design+fast+food+illustration+ios+iphone+logo+menu+mobile+order+screen+ui+ux,https://cdn.dribbble.com/users/2577501/screenshots/6863928/artboard___2.png
5026389,100daysofui+100daysofuibyjesse+addtocart+cart+checkout+invisionstudio+ios+iphone+iphonex+the100dayproject,https://cdn.dribbble.com/users/32403/screenshots/5026389/final.gif
5769764,004+air+animation+app+bill+billing+calculator+checkout+dailyui+daily ui 004+dailyui 004+design+iphone x+ocr+payment+payment app+receipt+tip calculator+ui+ux,https://cdn.dribbble.com/users/2470656/screenshots/5769764/ezgif.com-crop.gif
4288967,adobexd+dailyui+daily ui+graphic design+illustration+iphone+iphonex+minimal+photoshop+ui+uiux+ux,https://cdn.dribbble.com/users/2085133/screenshots/4288967/dribbble800x600.png
3851029,checkout+checkout form+delivery+ecommerce+form+iphone+iphone x+shop+ui+ux,https://cdn.dribbble.com/users/878406/screenshots/3851029/coutfs1.png
4454861,calendar+checkout+customize+event+iphone+mockup+order+reservation+restaurant+ui+ux,https://cdn.dribbble.com/users/2140642/screenshots/4454861/rod_checkout.png
4055736,app+card+checkout+dailyui+design+illustration+iphone+mobile+pay+payment+ui+ux,https://cdn.dribbble.com/users/1424699/screenshots/4055736/dribbble.png
5010155,design+dribble+hello+illustration+iphone+ui+uidesign,https://cdn.dribbble.com/users/1729592/screenshots/5010155/iphone_x_checkout.jpg
6882306,app design+basket+burger+cart+checkout+details+gradient+green+iphone+orange+order+product+resturant+sandwich+tags+ui+uidesign,https://cdn.dribbble.com/users/986774/screenshots/6882306/12.png
1021739,app+bags+buttons+checkout+dark+game+green+health+ios+iphone+orange+plastic bags+stats+stickers+store+ui+ux+yellow,https://cdn.dribbble.com/users/4826/screenshots/1021739/shot.png
4346506,bee sight soft+checkout+credit card+design+iphone+mobile+payment+red+ui+uiux+ux+vietnam,https://cdn.dribbble.com/users/812294/screenshots/4346506/payment_checkout.jpg
5828790,blue+checkout+checkout flow+clean+form+forms+input+interaction design+ios+iphone+order+pay+prototype+taskflow,https://cdn.dribbble.com/users/641132/screenshots/5828790/thumbnail.png
3648614,animation+high heels+iphone+marriott rewards+mazoo+michael mazourek+mike mazoo+pizza+spring break+suitcase+trip+vacation,https://cdn.dribbble.com/users/1213041/screenshots/3648614/170315_marriott_late-checkout_spring_final_dribbble.gif
5420306,app+cards+cart+checkout+clean+credit card+design+fresh+ios+iphone+iphone x+listing+minimalistic+mobile+order skip+pay+payment method+ui+white,https://cdn.dribbble.com/users/998937/screenshots/5420306/dribbble.png
4806993,cart+checkout+credit cards+daily ui+iphone+mobile apps+payment+shopping+smartphone+top up+ui+ux,https://cdn.dribbble.com/users/1124079/screenshots/4806993/preview.gif
4936346,app+burger+checkout+delivery+iphone+order,https://cdn.dribbble.com/users/1764296/screenshots/4936346/dlivr-order.gif
3943503,android+app+apple+checkout+dish+food+ios+iphone+meal+restaurant+samsung,https://cdn.dribbble.com/users/44274/screenshots/3943503/dribbb.png
4810788,app+app design+checkout+checkout concept+iphone+iphonex+layout+ui+ui design+ux,https://cdn.dribbble.com/users/778790/screenshots/4810788/_002-credit_card_checkout_dribble.jpg
3713930,animation+blue+checkout+interface+iphone+mobile+mockup+motion+principle+ui+ux,https://cdn.dribbble.com/users/1709768/screenshots/3713930/simple-mockups-dark4.gif
3854195,app+checkout+credit car+iphone+mobile+payment+paypall+ui+ux,https://cdn.dribbble.com/users/445292/screenshots/3854195/payment.png
5704450,animation+checkout+credit card+daily 100 challenge+dailyui+daily ui 002+design+interaction+ios+iphone+mobile+payment+ui+ux+visual design,https://cdn.dribbble.com/users/1323190/screenshots/5704450/checkout_card_6.gif
2342686,blue+card+check+checkout+credit+dailyui+ios+iphone+out+ui+ux,https://cdn.dribbble.com/users/671221/screenshots/2342686/02_checkout.jpg
1391371,checkout+design+iphone+mobile+payment+payments+paypal+responsive,https://cdn.dribbble.com/users/422009/screenshots/1391371/hermes_hand3.png
1870951,checkout+checkout ui+ecommerce+e-commerce+e-commerce app+iphone+material design+mobile payment+online shop+shop app+ui+ui kit,https://cdn.dribbble.com/users/412203/screenshots/1870951/preview-image.jpg
5546430,002+app+challange+checkout+dailyui+design+iphone+ui,https://cdn.dribbble.com/users/1611769/screenshots/5546430/dailyui_002.png
5025970,animation+checkout+creditcard+ecommerce app+iphone 10+mastercard+payment+ui ux+visa+wallet,https://cdn.dribbble.com/users/67152/screenshots/5025970/dribbble.gif
6216032,clean design+credit card+credit card checkout+credit card form+credit card payment+dark+dark background+design+iphone x app+learning+podcast+sketch+ui+ux,https://cdn.dribbble.com/users/2714411/screenshots/6216032/credit-card-checkout-podpro.jpg
6384827,android+app+checkout+concept+ecommerce+ios+iphone+laptop+macbook+payment+shopping+ui+ux,https://cdn.dribbble.com/users/2156680/screenshots/6384827/artboard-uplabs.png
2597556,android+browser+checkout+credit card+device+ipad+iphone+minimal+paypal+pos+samsung+screens,https://cdn.dribbble.com/users/60779/screenshots/2597556/ani_test_3.gif
4046920,ecommerce app+iphone x+mobile app+ui,https://cdn.dribbble.com/users/1691367/screenshots/4046920/iphone-x-mockup.jpg
4126841,amazon+app+checkout+concept+ios+iphone x+mobile app+mockup+order+product page+prototype+ui,https://cdn.dribbble.com/users/1640398/screenshots/4126841/amazon.gif
4076717,apple+basket+checkout+iphone x+jordan+minimal+shoes+shop+sketch,https://cdn.dribbble.com/users/123162/screenshots/4076717/iphonex_mockup.png
4957057,2018+app+card+checkout+confirmed+credit card+daily+dailyui+design+iphone+iphonex+ui,https://cdn.dribbble.com/users/1190426/screenshots/4957057/dailyui-002.png
1470882,app+free+freebie+icons+ios 7+iphone 5s+mobile+movies+psd+store+ui,https://cdn.dribbble.com/users/260785/screenshots/1470882/checkoutsmall.png
6431476,002+animation+branding+cosmetic+dailui+dailyui+design+etudehouse+illustration+iphone+makeup+phone+smartphone+ui+ux+web+website,https://cdn.dribbble.com/users/2969525/screenshots/6431476/dribbleetudehouse___1.png
4101803,andorid+app+basket bag+checkout purchase buy add item+ecommerce shop+housing app+mobile app iphone+real state,https://cdn.dribbble.com/users/892350/screenshots/4101803/app.jpg
5264863,graphic design+ui design+web design,https://cdn.dribbble.com/users/2049529/screenshots/5264863/apple-iphone-xs-l-checkout-layout-ui-design-by-mayank-chauhan.png
3875557,card+credit+daily+dailyui+ecommerce+gradients+interface+iphone x+paymentent+shop+ui+ux,https://cdn.dribbble.com/users/72984/screenshots/3875557/dribbble.png
4326898,002+app+checkout+credit card+dailyui+design+iphone x+mobile+ui+ux,https://cdn.dribbble.com/users/2119905/screenshots/4326898/002_preview_800600.png
2760158,checkout+credit card+form+iphone 6+joyable+mobile,https://cdn.dribbble.com/users/75554/screenshots/2760158/joyable_checkout_mobile.png
2763087,app+cart+checkout+design+ikea+ios+iphone+material+menu+navigation+shop+ui,https://cdn.dribbble.com/users/762442/screenshots/2763087/artboard_17_copy.png
4005711,61+app+checkout+coupon+daily+dailyui+discount+iphone+mobile+redeem+ui+x,https://cdn.dribbble.com/users/485207/screenshots/4005711/redeemcoupon.jpg
2474438,002+app+checkout+credit+dailyui+gradient+iphone+nhl+payment+spot+ui,https://cdn.dribbble.com/users/356073/screenshots/2474438/002.png
5092967,card+checkout+form+iphone x+ui+ux,https://cdn.dribbble.com/users/1130644/screenshots/5092967/dribbble_checkout.png
4421347,app+cards+checkout+credit card+dailyui+interface+ios+iphone x+pay+payment+purchase+ui,https://cdn.dribbble.com/users/150149/screenshots/4421347/dailyui002.png
3354677,checkout+credit card+daily+design+form+interface+ios+iphone+mobile+ui,https://cdn.dribbble.com/users/627115/screenshots/3354677/woman_spacegray.png
4373728,bitcoin+blockchain+buy+checkout+crypto+cryptocurrency+ecommerce+interface+iphone x+material+mobile+ui,https://cdn.dribbble.com/users/1436836/screenshots/4373728/frame.png
4937744,cart+checkout+commerce+detail+ecommerce+ios+iphone+minimal+page+product+purchase,https://cdn.dribbble.com/users/1193189/screenshots/4937744/asd.png
4708294,airpods+apple+apple watch+buy now+card+checkout+iphone+purchase+visa,https://cdn.dribbble.com/users/74861/screenshots/4708294/daily-ui-002_credit-card-checkout.png
4094259,challenge+checkout+credit card+daily+daily ui+iphone x+ui,https://cdn.dribbble.com/users/1486402/screenshots/4094259/daily_ui_2_thumbnail.png
1276012,checkout+form+ios+ios 7+iphone+list+purple+ui+user interface,https://cdn.dribbble.com/users/15823/screenshots/1276012/untitled-1.png
3648646,acuredreamgift+animation+check+dailyui+form+iphone+jevtic+motion+out+student+ui+ux,https://cdn.dribbble.com/users/620427/screenshots/3648646/checkout.gif
953454,basket+button+buy+checkout+commerce+confirmation+credit card+form+iphone+iphone app+progress+purchase+receipt+retina+shop+shopping+store+ui,https://cdn.dribbble.com/users/10743/screenshots/953454/shgot9.png
2751282,002+challenge+checkout+credit+dailyui+ios+iphone+mobile+sketch+sketchapp+ui+ux,https://cdn.dribbble.com/users/213265/screenshots/2751282/002-dribble.jpg
1914818,add creditcard+buy+checkout+creditcard+e-ticket+iphone+mobile+payment+seatgeek+tickets,https://cdn.dribbble.com/users/5029/screenshots/1914818/checkout_creditcard.jpg
4053042,002+animation+cart+checkout+daily ui+daily ui 002+interaction+interaction design+iphone x+retail+shopping cart+user interface,https://cdn.dribbble.com/users/118188/screenshots/4053042/002-checkout-dribbble.gif
6063632,billing+checkout+credit card+dailyui+gradient+iphone+payment+visa,https://cdn.dribbble.com/users/285676/screenshots/6063632/credit-card-checkout-daily-ui-challenge.jpg
4124563,animation+blue+card+checkout+creditcard+dailyui+flinto+gui+interaction+iphone+ui,https://cdn.dribbble.com/users/947277/screenshots/4124563/dailyui002.gif
6223561,app+credit card+credit card checkout+dailyui+design+dribbble+ios+iphone+mobileapps+payment app+payment form+payment gateway+payment method+ui+uidesign+ui ux+uiuxdesign+ux,https://cdn.dribbble.com/users/2530605/screenshots/6223561/main-mockup.png
1912558,buy+checkout+e-ticket+iphone+mobile+seatgeek+tickets,https://cdn.dribbble.com/users/5029/screenshots/1912558/sg_checkout.jpg
5384373,app+creditcard+dailyui+dailyui002+design+iphone+mockup+ui,https://cdn.dribbble.com/users/57240/screenshots/5384373/002_creditcardcheckout_3__final.png
5521314,applepay+checkout+clean+credit card payment+iphone+minimalism+mobile+mobile app+monocromatic+paypal+ui+uidesign,https://cdn.dribbble.com/users/452094/screenshots/5521314/daily_ui_001__22credit_card_checkout_22.jpg
4218848,100days+appscreens+challenge+dailyui+dailyui002+forms+iphone+login+mobileapp+signup+sketch,https://cdn.dribbble.com/users/27957/screenshots/4218848/dailyui_002_scr.png
6857608,android+app+application+branding+card+checkout+design+illustration+interaction+interface+ios+iphone+mobile app design+mobile ui+payment+payment app+shopping+ui+ux+vector,https://cdn.dribbble.com/users/354189/screenshots/6857608/checkout_mockup.png
2549134,app+checkout+clean+creditcard+iphone+mobile+nhl+payment+phone+sports+ticket+ui,https://cdn.dribbble.com/users/1070865/screenshots/2549134/onlineticket-app.jpg
5870078,app+apple+branding+credit card+credit card form+credit card payment+dailyui+dailyui 002+dark+flat+ios+iphone+logo+music+musicapp+pink+red+simple+ui+ux,https://cdn.dribbble.com/users/622502/screenshots/5870078/postableondribbble.png
2752498,002+2+animation+card+checkout+credit+daily+fun+iphone+ui,https://cdn.dribbble.com/users/37531/screenshots/2752498/checkout.gif
2560617,app design+ecommerce+fossil+fossil watches+ios+iphone+product ui+ui+ui design+user interface+watch,https://cdn.dribbble.com/users/1057195/screenshots/2560617/ecommerce-app-ios-design-checkout-ui-dribbble.png
3899976,checkout+dailyui002+design+iphone+payment+ui,https://cdn.dribbble.com/users/1103382/screenshots/3899976/ui002.png
2954730,7+app+apple+button+checkout+design+interface+iphone+phone+ui+user+ux,https://cdn.dribbble.com/users/684285/screenshots/2954730/applecheckoutuidribbble.png
5796773,check out+credit card+credit card checkout+daily 100+dailyui+design+dribbblers+iphone x+mobile+pay pal+re-design+studies+studying+ui,https://cdn.dribbble.com/users/1673170/screenshots/5796773/rd_checkout_paypal_iphonex_vf.png
707410,app+cart+checkout+gui+ios+iphone+shopping,https://cdn.dribbble.com/users/38451/screenshots/707410/shopping_cart2.png
6748706,app+checkout+chocolate+coffee+design+godiva+ios+iphone+payment+usa+ux,https://cdn.dribbble.com/users/1663881/screenshots/6748706/godiva_checkout__notification__receipt.png
3266882,apple+card+checkout+credit card+dailyui+finance+flat+iphone+pay+payment+ui+ux,https://cdn.dribbble.com/users/653463/screenshots/3266882/checkout_cover.png
1598706,app+checkout+ecommerce+iphone+mobile+price+shop+yellow,https://cdn.dribbble.com/users/157303/screenshots/1598706/mobb.png
2763238,button+calculator+cart+checkout+interface+ios+iphone+mobile+points+redeem,https://cdn.dribbble.com/users/627115/screenshots/2763238/preview.jpg
5079915,app+app concept+app design+branding+cart+checkout+checkout form+dailyui+design+ecommerce+flat+icon+ios+iphone x+logo+shopping cart+ui+ui design+ux+vector,https://cdn.dribbble.com/users/206904/screenshots/5079915/natura_-_iphone_cart___checkout.jpg
5362697,app concept+blazer+credit card checkout+iphone+nike+off white+payment method+sneaker+uidesign+ux design,https://cdn.dribbble.com/users/1117078/screenshots/5362697/final_1.png
2646307,app+checkout+design+ecommerce+iphone+mockup+polyvore+ui,https://cdn.dribbble.com/users/922584/screenshots/2646307/final_png_poly.png
2306539,002+animation+card+checkout+credit+dailyui+framerjs+gif+ios+iphone+ui+ux,https://cdn.dribbble.com/users/108183/screenshots/2306539/creditcardcheckout.gif
3265051,app+checkout+design+interface+iphone+mobile+ui+ux,https://cdn.dribbble.com/users/1088974/screenshots/3265051/checkout1.jpg
3856792,checkout+checkout form+delivery+ecommerce+field+form+iphone android+shop+ui+ux+web,https://cdn.dribbble.com/users/878406/screenshots/3856792/checkoutforms1.jpg
3670757,blue+card+challenge+credit+daily+iphone+payment+screen+ui,https://cdn.dribbble.com/users/1785087/screenshots/3670757/du_002_dribbble.png
6260716,apple+daily+daily ui+daily ui 001+iphone+mockup+plants+plants app,https://cdn.dribbble.com/users/2517978/screenshots/6260716/02_credit_card.jpg
6031288,android+buy now+cart+checkout+clean+color+colors+ecommerce+e-commerce+inspiration+iphone x+landing+nike+shoe+shop+sneaker+store+white,https://cdn.dribbble.com/users/1155106/screenshots/6031288/nike.png
1500575,barcode+cart+checkout+flat+ios+iphone+mobile+scan+scanner+startup+supermarket+weekend,https://cdn.dribbble.com/users/25928/screenshots/1500575/dribbble2.gif
3936928,check out+design+ecommerce+iphone+ui,https://cdn.dribbble.com/users/437262/screenshots/3936928/002_daily-ui-checkout-800x600.jpg
4498497,challenge+checkout+design+ios+iphone+mobile+ui+ux,https://cdn.dribbble.com/users/1709031/screenshots/4498497/_1xuichallenge-02.jpg
5663011,app+carousel+cart+checkout+commerce+detail+flat+get+image+iphone+mobile+photoshop+product+purchase+shop+shop app+store+tile+vector+view,https://cdn.dribbble.com/users/1193189/screenshots/5663011/iphone_xr_black.png
5099894,add to basket+app+checkout+dailyui+dailyui 002+ecommerce+interface+iphone+shop+social+ui+ux+visa,https://cdn.dribbble.com/users/1710616/screenshots/5099894/dailyui002_checkout.png
5308712,adobe cc+adobe xd+app+check out+credit card+dailyui+dailyui 002+dailyuichallenge+design+interface+interface design+ios+iphone+iphone ui+iphone x+madewithadobexd+mobile app+ui+ux,https://cdn.dribbble.com/users/2393451/screenshots/5308712/untitled-1.png
6476575,airline+airplane+app+booking+calendar+checkout+clean+explore+flights+frontier+ios+iphone+minimal+qr code+travel+ui,https://cdn.dribbble.com/users/2314636/screenshots/6476575/frontier.png
820389,app+barcode+checkout+ink+ios+iphone+light+paper+receipt+retail+shopping+typography,https://cdn.dribbble.com/users/14648/screenshots/820389/tanto_app_receipt_angelceballos.jpg
3379290,checkout+credit card+dailyui+dark+iphone,https://cdn.dribbble.com/users/492060/screenshots/3379290/thumbnail.png
4363202,checkout+credit card+ios+iphone x+minimalistic,https://cdn.dribbble.com/users/840049/screenshots/4363202/dribbble_checkout.png
939256,basket+button+buy+checkout+commerce+confirmation+iphone+iphone app+purchase+receipt+retina+shop+shopping+store+ui+ux,https://cdn.dribbble.com/users/10743/screenshots/939256/shot5.png
3505176,card+checkout+concept+credit+dog+iphone+practise+principle+sketch+treat+ui,https://cdn.dribbble.com/users/1718532/screenshots/3505176/day-2.gif
2435163,android+app+best+calculator+checkout+iphone+landing page+mobile+music+profile+sign+ui,https://cdn.dribbble.com/users/154211/screenshots/2435163/1.png
5642065,checkout+creativity+credit card+daily ui+daily ux+design+illustration+iphone+julien+logo+mobile+reysset+ui+ux+webdesign,https://cdn.dribbble.com/users/2136038/screenshots/5642065/bank.png
2293501,app+challenge+checkout+confetti+credit card+dailyui+ecommerce+form+iphone+light,https://cdn.dribbble.com/users/40727/screenshots/2293501/002cover.jpg
2058362,app+batch+checkout+clean+flat+ios+iphone+size+ui+ux+wear,https://cdn.dribbble.com/users/251359/screenshots/2058362/wear.png
6962166,checkout+concept+daily ui+iphone+mobile+ui+ux,https://cdn.dribbble.com/users/2900593/screenshots/6962166/daily-ui-02.jpg
1633043,checkout+ios+ios7+iphone+order+order details+profile+shopping,https://cdn.dribbble.com/users/216816/screenshots/1633043/order-details.jpg
2877801,app+cart+checkout+daily+form+iphone+mobile+payment dailyui+shopping+ui,https://cdn.dribbble.com/users/399849/screenshots/2877801/iphone_6.jpg
118381,app+button+checkout+gray+green+ios+ipad+iphone+light+pay+pos+receipt+texture+web+white,https://cdn.dribbble.com/users/2637/screenshots/118381/shot_1298360714.png
2228528,animation+app+ios+iphone+lilly pulitzer+prolific interactive+ui,https://cdn.dribbble.com/users/122341/screenshots/2228528/dribbble_22_lilly_pulitzer_checkout_confirmation.gif
2802755,app+apple+checkout+ecommerce+ios+iphone+shop+ui+user interface,https://cdn.dribbble.com/users/333762/screenshots/2802755/checkout-process.jpg
2402396,app+checkout+credit card+dailyui+iphone+minimal+mobile+receipt+ui+ux+vibrant+wireframe,https://cdn.dribbble.com/users/226011/screenshots/2402396/02_card_checkout_final.png
218523,app+checkout+ios+iphone+minimal+slider+ui,https://cdn.dribbble.com/users/10149/screenshots/218523/checkout.jpg
1206242,buy+checkout+clean+commerce+credit card+flat+iphone app+pay,https://cdn.dribbble.com/users/10743/screenshots/1206242/retina-card_pay.jpg
5771782,checkout+checkout form+dailyui+dailyui 002+iphone+ui+uidesign,https://cdn.dribbble.com/users/120787/screenshots/5771782/002.png
2980265,002+credit card checkout+dailyui+daily ui 002+ios+iphone+xcode,https://cdn.dribbble.com/users/2755/screenshots/2980265/credit-card.gif
2427628,002+app+card+checkout+credit+daily+iphone+minimal+money+pay+screen+ui,https://cdn.dribbble.com/users/490966/screenshots/2427628/daily2dribble.jpg
4793658,app+basket bag+cart+checklist+checkout+ecommerce+food+iphone+list+product+purchase+shopping,https://cdn.dribbble.com/users/204689/screenshots/4793658/shot6.png
2462328,100daysui+app+checkout+credit card+freebie+interface+iphone+psd+ui,https://cdn.dribbble.com/users/281452/screenshots/2462328/002.jpg
3151549,credit card screen+daily ui+everydays+illustration+iphone screen+nidb+user interface,https://cdn.dribbble.com/users/1258808/screenshots/3151549/123.png
3297984,animation+breakfast+eggs+iphone+lemonly+looping animation+marriott+michael j mazourek+michael mazourek+pancakes,https://cdn.dribbble.com/users/1213041/screenshots/3297984/161123_marriott_late-checkout_dribble.gif
954683,add to basket+app+button+buy+checkout+commerce+ios+iphone 5+iphone app+product page+purchase+retina+reviews+shop+shopping+shopping app+stock+video,https://cdn.dribbble.com/users/10743/screenshots/954683/product2.png
2175098,checkout+delivery+design+interface+ios+iphone+packages+receipt+ui+ux,https://cdn.dribbble.com/users/627115/screenshots/2175098/mockup.jpg
1089391,app+branding+clean+design+flat+interface+ipad+iphone+login+photos+responsive+ui+web+website,https://cdn.dribbble.com/users/3747/screenshots/1089391/checkout-drib.png
3903069,animation+design+ecommerce+interaction+ios+iphone+mobile+motion+shopping+ui+user interface+ux,https://cdn.dribbble.com/users/1050902/screenshots/3903069/shopping-cart-checkout.gif
2855176,app+bike+booking+bottom+checkout+icons+ios+iphone+mobile+nav+navigation+tabs,https://cdn.dribbble.com/users/950875/screenshots/2855176/tab.png
2797087,amex+cards+checkout+credit+ecommerce+iphone+mastercard+mobile+payment+ui+ux+visa,https://cdn.dribbble.com/users/151236/screenshots/2797087/dailyui_002-creditcard_checkout.jpg
3088646,checkout+coffee+credit card+dailyui+frappe+iphone+mobile+siphon+touch id+v60,https://cdn.dribbble.com/users/169245/screenshots/3088646/dailyui002-checkout-dribbble.png
923291,app+basket+buttons+checkout+commerce+delivery+form+ios+iphone+iphone 5+iphone app+pay+payment+shop+shopping+sign in,https://cdn.dribbble.com/users/10743/screenshots/923291/shot.png
2605080,app+checkout+credit card+dailyui+daily ui+dailyui 002+ecommerce+iphone+mobile checkout+mobile ecommerce+ui,https://cdn.dribbble.com/users/974768/screenshots/2605080/dailyui-002.jpg
2362247,cart+checkout+ecommerce+greenwich+mobile ios iphone 6 usability+pizza+ui+ux,https://cdn.dribbble.com/users/181696/screenshots/2362247/greenwich.iphone6.jpg
1614221,checkout+ebay+iphone+location+map+target,https://cdn.dribbble.com/users/97138/screenshots/1614221/pickup.jpg
2656398,002+credit card form+dailyui+ios+ios9+iphone 6+mobile+mobile form,https://cdn.dribbble.com/users/328594/screenshots/2656398/creditcard-form.png
3880552,app+chauffeur+driver+interface design+iphone+passenger+ui+ux+visual design,https://cdn.dribbble.com/users/363268/screenshots/3880552/bl_checkout_dribbble2.gif
939193,basket+button+buy+checkout+commerce+confirmation+iphone+iphone app+purchase+receipt+retina+shop+shopping+store+ui,https://cdn.dribbble.com/users/10743/screenshots/939193/shot9.png
2651369,checkout+clean+credit card+dailyui+iphone+line+linear+ui,https://cdn.dribbble.com/users/456904/screenshots/2651369/dailyui002.png
970533,basket+buy+checkout+commerce+iphone+iphone 5+iphone app+list+m commerce+popover+purchase+shop+shopping+ui,https://cdn.dribbble.com/users/10743/screenshots/970533/untitled-9.png
6283172,002+dailyui+dailyui 002+iphone x+mobile+sketch+ui design,https://cdn.dribbble.com/users/2761610/screenshots/6283172/checkout.png
5796786,app+checkout+design+iphone 10+ui+ux,https://cdn.dribbble.com/users/2129557/screenshots/5796786/daily_ui_002_-_checkout.png
918900,app+basket+buttons+checkout+commerce+iphone+iphone 5+iphone app+pay+paypal+retina+shopping+transaction,https://cdn.dribbble.com/users/10743/screenshots/918900/shot6.png
3582303,app+cart+checkout+ios+iphone+mobile+shopping,https://cdn.dribbble.com/users/1086351/screenshots/3582303/artboard_2.png
2308922,002+card+checkout+credit+dailyui+ios+iphone+mobile+purchase+ui+ux,https://cdn.dribbble.com/users/448197/screenshots/2308922/shot-checkout.png
2311482,002+credit card+dailyui+dailyui002+ios+iphone+mobile+principle+sketch+visa,https://cdn.dribbble.com/users/269175/screenshots/2311482/cc_002b.gif
4917126,billing+cart+checkout+fruits+iphone+mobile app+payment+shopping+ui,https://cdn.dribbble.com/users/236005/screenshots/4917126/image.png
2292598,app+cart+checkout+credit card+dailyui+iphone+payment+ui+ux,https://cdn.dribbble.com/users/134150/screenshots/2292598/dailyui-02-credit.png
2061784,allset+app+application+checkout+clean+food+form+iphone+pre-order+send+ui+ux,https://cdn.dribbble.com/users/275452/screenshots/2061784/shot-allset-checkout.png
385213,app+credit card+iphone+payment+ui,https://cdn.dribbble.com/users/30975/screenshots/385213/exp_payment_50.png
3755817,bus+checkout+concept+interface+iphone+mobile+navigation+search+travel+ui+ux+web,https://cdn.dribbble.com/users/1660437/screenshots/3755817/dribbble_busbud_business_copy_8.png
3619306,app+checkout+credit card+iphone+mobile+ui+user interface+zohar lindenbaum,https://cdn.dribbble.com/users/1785497/screenshots/3619306/credit_card_checkout_dribbble.jpg
3265063,app+checkout+design+interface+iphone+mobile+ui+ux,https://cdn.dribbble.com/users/1088974/screenshots/3265063/checkout2.jpg
2302910,002+app+clean+credit card+dailyui+interface+iphone+minimal+mobile+modern+ui+ux,https://cdn.dribbble.com/users/702977/screenshots/2302910/credit_card_checkout_002.png
3265070,app+checkout+design+interface+iphone+mobile+ui+ux,https://cdn.dribbble.com/users/1088974/screenshots/3265070/checkout3.jpg
1444656,app+cards+checkout+feed+ios+iphone+mobile+shark tank+shopping+skeuomorphic,https://cdn.dribbble.com/users/15805/screenshots/1444656/meng-he-cheekd-mobile.png
1547408,cash register+checkout+freebie+ios+ipad+iphone+psd+retina,https://cdn.dribbble.com/users/181239/screenshots/1547408/gif.gif
1618667,app+buy+checkout+ecommerce+ios+ios 7+iphone+online+product+store+ui,https://cdn.dribbble.com/users/198986/screenshots/1618667/shopped.jpg
4330832,checkout+green+interaction+interface+iphone+mockup+payment+stepper+ui+ux,https://cdn.dribbble.com/users/1625126/screenshots/4330832/dodo.png
1812498,animation+basket+e-commerce+gif+iphone6+iphone 6+mobile+mockup+scroll+shopping cart+side drawer+transition,https://cdn.dribbble.com/users/626171/screenshots/1812498/e-commerce_mobile_800x600.gif
2835453,app+blue+branding+checkout+dark+design+flat+ios+iphone+rentals+ui+ux,https://cdn.dribbble.com/users/950875/screenshots/2835453/presentation1_1_.png
2487166,app+card+credit card+dailyui+design+finance+ios+iphone+pay+ui+ux,https://cdn.dribbble.com/users/670966/screenshots/2487166/002_dribbble-shot-1.png
2441545,002+checkout+credit card+dailyui+ecommerce+ios+iphone+mockups+photoshop+purchase+ui+ux,https://cdn.dribbble.com/users/847390/screenshots/2441545/dailychallenge_02.jpg
4166795,app+credit card+dailyui+dailyui002+events+iphone x+tickets+ui+ux,https://cdn.dribbble.com/users/94825/screenshots/4166795/now-tickets.png
1834532,app+checkout+ecommerce+ios+iphone,https://cdn.dribbble.com/users/188307/screenshots/1834532/28-mobile-checkout-concept.png
642199,app+checkout+food+iphone+kfc+navigation,https://cdn.dribbble.com/users/55119/screenshots/642199/dr2.png
3168160,001+challenge+credit card checkout+dailyui+iphone+minimal+mobile+payment+screen+ux,https://cdn.dribbble.com/users/596968/screenshots/3168160/dailyui_002-01.png
919657,app+basket+buttons+checkout+commerce+form+ios+iphone+iphone 5+iphone app+payment+paypal+retina+shop+shopping+sign in,https://cdn.dribbble.com/users/10743/screenshots/919657/ahot9.png
3785969,001+002+checkout+credit card+dailyui+daily ui+iphone+mobile+mobile app+payment+quince+sign up,https://cdn.dribbble.com/users/837830/screenshots/3785969/sign_up_and_payment_pages.png
720723,app+cart+checkout+clean+gui+iphone+minimal,https://cdn.dribbble.com/users/25070/screenshots/720723/co_400x300.png
4505115,basket+checkout+colour+gradient+iphone+minimal+ui,https://cdn.dribbble.com/users/998739/screenshots/4505115/checkout.png
390941,cart+checkout+ecommerce+iphone+mobile+mobile safari+sevenly+texture+ui,https://cdn.dribbble.com/users/69056/screenshots/390941/sevenly_mobile_checkout.jpg
4471437,branching+checkout+flow+interraction+iphone+paths+screen+user+wire+wireframe,https://cdn.dribbble.com/users/1727757/screenshots/4471437/checkout-wire-flow.jpg
1391377,checkout+design+iphone+mobile+payment+payments+paypal+responsive+web,https://cdn.dribbble.com/users/422009/screenshots/1391377/montage2.png
732989,cart+checkout+forms+iphone+mobile+responsive,https://cdn.dribbble.com/users/42837/screenshots/732989/jostens_cartr3v1_dribbble.jpg
1664365,app+application+checkout+connect+facebook+in+iphone+login+phone+sign+twitter+username,https://cdn.dribbble.com/users/14637/screenshots/1664365/login-preview.png
4139001,checkout+e-commerce+gift finder+iphone+marketplace+product detail+products+shopping+shopping cart+shopwise+ui+ux,https://cdn.dribbble.com/users/1220082/screenshots/4139001/marketplace_screens_iphone_0.5x.png
6073596,adobe+branding+cart+clean+design+flat+interface+iphone+lifestyle+mobile+mobile app+mockup+shop+ui+ux+ux designer+xd,https://cdn.dribbble.com/users/2608375/screenshots/6073596/jb-checkout-mock.png
2038147,app+checkout process+credit card+ecommerce+ios+iphone,https://cdn.dribbble.com/users/188307/screenshots/2038147/118-credit-card-surcharges.png
642205,cart+category+checkout+iphone+list+order+price+suchi+thai,https://cdn.dribbble.com/users/55119/screenshots/642205/dr1.png
1279194,ae+animation+app+checkout+flat+gif+interactive+ios+ios7+iphone+shopping+ui,https://cdn.dribbble.com/users/379832/screenshots/1279194/checkout.gif
2914939,app+checkout+design+flow+interface+ios+iphone+mobile+profile+screens+ui+ux,https://cdn.dribbble.com/users/119277/screenshots/2914939/appdesign_b.jpg
4114207,checkout+design+ecommerce+iphone x+mobile+mockup+retail+ui+visual+website,https://cdn.dribbble.com/users/1640398/screenshots/4114207/guiivoni_mobile_ui.jpg
2252333,checkout+iphone 5s+mobile+shopping cart+ui,https://cdn.dribbble.com/users/634405/screenshots/2252333/para-mobile-.jpg
630671,badge+checkout+ios+iphone+security,https://cdn.dribbble.com/users/30975/screenshots/630671/new-pay-screen.png
2334136,002+app+card+challenge+clean+daily ui+iphone+simple+web,https://cdn.dribbble.com/users/283696/screenshots/2334136/daily_08_-_card.jpg
3192735,002+1hourdesign+app+dailyui+design+interface+iphone+sketch+ui,https://cdn.dribbble.com/users/1536865/screenshots/3192735/dribbble.jpg
352630,checkout+gray+iphone,https://cdn.dribbble.com/users/31296/screenshots/352630/checkout.png
1995634,app+checkout+ecommerce+ios+iphone,https://cdn.dribbble.com/users/188307/screenshots/1995634/104-checkout-stage-progress-experiments.png
2502536,app+dailyui+illustrator+iphone+material+ui+ux,https://cdn.dribbble.com/users/685650/screenshots/2502536/checkout-mockup-small.png
1488736,checkout+design+iphone+mobile+payment+payments+redesign+responsive+transfergo.com+transfers+ui+ux,https://cdn.dribbble.com/users/56360/screenshots/1488736/tgo_dribbble.png
1154305,barcelona+checkout+ios+iphone+mcommerce+shop+ui,https://cdn.dribbble.com/users/186028/screenshots/1154305/camaloon_by_lafosca-3.png
1865511,app+checkout+ecommerce+ios+iphone,https://cdn.dribbble.com/users/188307/screenshots/1865511/51-advert-scanning.png
2431594,002+checkout+daily ui+iphone+mastercard+sign up,https://cdn.dribbble.com/users/750474/screenshots/2431594/daily-ui-002---credit-card-checkout.png
1256005,app+checkout+interaction+interactive+iphone+shop+shopping+shopping cart+size+ui,https://cdn.dribbble.com/users/198096/screenshots/1256005/size.png
804637,iphone+mobile+shopping cart+ui,https://cdn.dribbble.com/users/60126/screenshots/804637/shoprocket-iphone-checkout-login-dribbble.png
2427630,002+app+card+checkout+credit+daily+iphone+minimal+money+pay+screen+ui,https://cdn.dribbble.com/users/490966/screenshots/2427630/daily2mockupdribble.jpg
3013395,app design+checkout+ecommerce+iphone+mobile+product design+shopping+ui+user flow+ux,https://cdn.dribbble.com/users/4574/screenshots/3013395/8.png
2518342,app+dailyui+illustrator+iphone+material+ui+ux,https://cdn.dribbble.com/users/685650/screenshots/2518342/checkout-flat-mockup-small.png
2896294,app+bank+banking+card+checkout+credit+credit card+design+ios+iphone+ui+ux,https://cdn.dribbble.com/users/695493/screenshots/2896294/creditcardphone.jpg
4669705,app+checkout+commerce+credit card+daily+dailyui+iphone+screen+shopping+ui+ux,https://cdn.dribbble.com/users/1590430/screenshots/4669705/dailyui2_dribbble.jpg
1906723,app+checkout+ecommerce+ios+iphone,https://cdn.dribbble.com/users/188307/screenshots/1906723/66-trust-symbols.png
3013383,app design+checkout+ecommerce+iphone+mobile+product design+shopping+ui+user flow+ux,https://cdn.dribbble.com/users/4574/screenshots/3013383/7.png
2669087,002+app+card+checkout+dailyui+form+iphone,https://cdn.dribbble.com/users/973179/screenshots/2669087/day_02_credit_card_checkout.png
4708021,credit card+daily+daily ui+dark+design+iphone+light+ui,https://cdn.dribbble.com/users/2354838/screenshots/4708021/dribble_main.png
2980341,apple+apple pay+checkout+credit+credit card+ios10+iphone+iphone7+pay+sf+ui,https://cdn.dribbble.com/users/360821/screenshots/2980341/screen_shot_2016-09-22_at_9.48.31_pm.png
4422020,checkout+invoice+iphone x+ui+user interface+ux,https://cdn.dribbble.com/users/1267936/screenshots/4422020/shot2.jpg
3184211,checkout+credit card+daily ui+iphone+mobile+sketch+ui+ux,https://cdn.dribbble.com/users/27839/screenshots/3184211/002.png
3220854,2d+animation+card+checkout+credit+dailyui+green+iphone+ui,https://cdn.dribbble.com/users/138939/screenshots/3220854/002_credit_card_checkout50fps.gif
3013385,app+checkout+design+ecommerce+flow+iphone+mobile+product+shopping+ui+user+ux,https://cdn.dribbble.com/users/4574/screenshots/3013385/6.png
4557432,app iphone+iphone x+mobile app+ui+ui design+ux+ux design,https://cdn.dribbble.com/users/1807929/screenshots/4557432/design-presentation.jpg
4452704,app+billing+checkout+credit card+ecommerce+interface+iphone+shipping+status indicator+ui,https://cdn.dribbble.com/users/2078456/screenshots/4452704/002_checkout.jpg
5644047,002+concept+credit card+credit card checkout+credit card form+credit card payment+daily 100+dailyui+design+iphone 10+mobile+mobile app+mobile app design+mobile app development+ui+ux,https://cdn.dribbble.com/users/2328749/screenshots/5644047/dribble_dailyui_002.png
2482860,checkout+ecommerce+ios+iphone+kit+mobile+mockup+shop+sketch+ui,https://cdn.dribbble.com/users/190757/screenshots/2482860/ecommerce-iphone-app.jpg
2464463,card+checkout+credit+iphone,https://cdn.dribbble.com/users/627508/screenshots/2464463/dailyui-002_800x600-credit_card_checkout.jpg
6146404,adobe xd+app+card+cash+checkout+complete+design+figma+french designer+iphone+iphonex+pay+payment+screen+simple+uplabs,https://cdn.dribbble.com/users/2138357/screenshots/6146404/prod-min.jpg
6592743,credit card+dailyui+iphone x+mobile ui+payment,https://cdn.dribbble.com/users/2259381/screenshots/6592743/daily_ui_002.png
4162318,002+card+checkout+credit+daily+dailyui+ios+iphone+iphonex+payment+ui+x,https://cdn.dribbble.com/users/2005634/screenshots/4162318/artboard123321.png
4728848,adobe+demo+design+download+iphone+ui+ux+watch+xd,https://cdn.dribbble.com/users/2113614/screenshots/4728848/new_post_02.png
4724960,dailyui+dailyui002+ios+iphone+mobile+ui,https://cdn.dribbble.com/users/2291964/screenshots/4724960/creditcard.png
5418747,confirmation+credit card+ecommerce+interface+iphone+mobile+receipt,https://cdn.dribbble.com/users/2274078/screenshots/5418747/steamrun_dualscreen.png
4416670,bank+card+challenge+checkout+dailyui+ecommerce e commerce+ios+iphone x+ux,https://cdn.dribbble.com/users/1662099/screenshots/4416670/ui_day2.jpg
6141776,credit card+dailyui+figma+ios+iphone+mobile+payment+portugues+portuguese+ui+ui kit+ui ux design,https://cdn.dribbble.com/users/2930695/screenshots/6141776/_002_-_credit_card_checkout.png
4408724,checkout+ios+iphone+payment+process+split payment+ui+ui design+ux,https://cdn.dribbble.com/users/1034065/screenshots/4408724/dribbble.png
4350649,002+app+checkout+dailyui+iphone,https://cdn.dribbble.com/users/1832119/screenshots/4350649/dailyui__002_s.png
4407738,add+app+buy+checkout+iphone+item+mobile+purchase+shoes+ui+ux,https://cdn.dribbble.com/users/2212189/screenshots/4407738/shoes_cart.jpg
4725335,2018+checkout+dailyui+@dailyui+iphone+iphonex+mobile+subpop+ui+ux,https://cdn.dribbble.com/users/1822841/screenshots/4725335/dailyui-2-checkout.png
5400235,credit card+credit card form+credit card payment+dailyui+dailyui 002+design+iphone+photoshop+ui+web,https://cdn.dribbble.com/users/1564703/screenshots/5400235/demo-1.jpg
5504190,creditcardcheckout+dailui+dailyui 002+iphone+mobiledesign+ui,https://cdn.dribbble.com/users/2527397/screenshots/5504190/daily_ui_002-_credit_card_checkout.jpg
5705506,002+app+daily ui+design+iphone x+ui+ux,https://cdn.dribbble.com/users/2442586/screenshots/5705506/desktop_hd.jpg
5966550,checkout page+dailyui 002+iphone xs,https://cdn.dribbble.com/users/3154061/screenshots/5966550/artboard_3_3x.png
6320316,app+dailyui+design+illustration+ui+ux,https://cdn.dribbble.com/users/2944497/screenshots/6320316/iphone-x-credit_card_checkout_page.png
6765385,app+checkout+design+iphone+trip+ui+ui design+uiux+ux+ux design+web design,https://cdn.dribbble.com/users/3672787/screenshots/6765385/desktop_hd.png
6792619,app+apple+checkout+credit card+credit card checkout+dailyui+dailyui 002+iphone+iphonex+moonlight+uidesign,https://cdn.dribbble.com/users/2822883/screenshots/6792619/dailyui_002.png
